groupId,groupName,groupAbbreviation,groupIsSupplemental,groupPublishedOn,groupModifiedOn,productId,productName,cleanName,imageUrl,categoryId,productUrl,productModifiedOn,imageCount,isPresale,releasedOn,subTypeName,lowPrice,midPrice,highPrice,marketPrice,directLowPrice
24653,M4: Ninja Spinner,m4,False,2026-03-13T00:00:00,2026-03-13T14:27:03.19,683652,Weedle,Weedle,https://tcgplayer-cdn.tcgplayer.com/product/683652_200w.jpg,85,https://www.tcgplayer.com/product/683652/pokemon-japan-m4-ninja-spinner-weedle,2026-03-13T12:52:29.77,1,False,,Normal,0.05,0.2,2.0,0.16,
24653,M4: Ninja Spinner,m4,False,2026-03-13T00:00:00,2026-03-13T14:27:03.19,683653,Kakuna,Kakuna,https://tcgplayer-cdn.tcgplayer.com/product/683653_200w.jpg,85,https://www.tcgplayer.com/product/683653/pokemon-japan-m4-ninja-spinner-kakuna,2026-03-13T12:52:29.8,1,False,,Normal,0.02,0.23,2.3,0.17,
24653,M4: Ninja Spinner,m4,False,2026-03-13T00:00:00,2026-03-13T14:27:03.19,683654,Beedrill ex - 003/083,Beedrill ex 003 083,https://tcgplayer-cdn.tcgplayer.com/product/683654_200w.jpg,85,https://www.tcgplayer.com/product/683654/pokemon-japan-m4-ninja-spinner-beedrill-ex-003-083,2026-03-13T12:52:29.85,1,False,,Holofoil,0.2,0.39,1.69,0.31,
24653,M4: Ninja Spinner,m4,False,2026-03-13T00:00:00,2026-03-13T14:27:03.19,683655,Carnivine,Carnivine,https://tcgplayer-cdn.tcgplayer.com/product/683655_200w.jpg,85,https://www.tcgplayer.com/product/683655/pokemon-japan-m4-ninja-spinner-carnivine,2026-03-13T12:52:29.913,1,False,,Normal,0.06,0.16,2.0,0.14,
24653,M4: Ninja Spinner,m4,False,2026-03-13T00:00:00,2026-03-13T14:27:03.19,683656,Chespin - 005/083,Chespin 005 083,https://tcgplayer-cdn.tcgplayer.com/product/683656_200w.jpg,85,https://www.tcgplayer.com/product/683656/pokemon-japan-m4-ninja-spinner-chespin-005-083,2026-03-13T12:52:29.943,1,False,,Normal,0.03,0.19,2.0,0.14,
24653,M4: Ninja Spinner,m4,False,2026-03-13T00:00:00,2026-03-13T14:27:03.19,683657,Quilladin,Quilladin,https://tcgplayer-cdn.tcgplayer.com/product/683657_200w.jpg,85,https://www.tcgplayer.com/product/683657/pokemon-japan-m4-ninja-spinner-quilladin,2026-03-13T12:52:29.99,1,False,,Normal,0.05,0.21,2.23,0.16,
24653,M4: Ninja Spinner,m4,False,2026-03-13T00:00:00,2026-03-13T14:27:03.19,683658,Chesnaught,Chesnaught,https://tcgplayer-cdn.tcgplayer.com/product/683658_200w.jpg,85,https://www.tcgplayer.com/product/683658/pokemon-japan-m4-ninja-spinner-chesnaught,2026-03-13T12:52:30.037,1,False,,Holofoil,0.12,0.49,4.44,0.38,
24653,M4: Ninja Spinner,m4,False,2026-03-13T00:00:00,2026-03-13T14:27:03.19,683659,Vulpix,Vulpix,https://tcgplayer-cdn.tcgplayer.com/product/683659_200w.jpg,85,https://www.tcgplayer.com/product/683659/pokemon-japan-m4-ninja-spinner-vulpix,2026-03-13T12:52:30.083,1,False,,Normal,0.01,0.21,2.2,0.2,
24653,M4: Ninja Spinner,m4,False,2026-03-13T00:00:00,2026-03-13T14:27:03.19,683660,Ninetales,Ninetales,https://tcgplayer-cdn.tcgplayer.com/product/683660_200w.jpg,85,https://www.tcgplayer.com/product/683660/pokemon-japan-m4-ninja-spinner-ninetales,2026-03-13T12:52:30.12,1,False,,Normal,0.1,0.27,2.7,0.26,
24653,M4: Ninja Spinner,m4,False,2026-03-13T00:00:00,2026-03-13T14:27:03.19,683661,Ho-Oh,Ho Oh,https://tcgplayer-cdn.tcgplayer.com/product/683661_200w.jpg,85,https://www.tcgplayer.com/product/683661/pokemon-japan-m4-ninja-spinner-ho-oh,2026-03-13T12:52:30.167,1,False,,Normal,0.03,0.25,2.5,0.24,
24653,M4: Ninja Spinner,m4,False,2026-03-13T00:00:00,2026-03-13T14:27:03.19,683662,Fennekin - 011/083,Fennekin 011 083,https://tcgplayer-cdn.tcgplayer.com/product/683662_200w.jpg,85,https://www.tcgplayer.com/product/683662/pokemon-japan-m4-ninja-spinner-fennekin-011-083,2026-03-13T12:52:30.213,1,False,,Normal,0.1,0.2,2.0,0.2,
24653,M4: Ninja Spinner,m4,False,2026-03-13T00:00:00,2026-03-13T14:27:03.19,683663,Braixen,Braixen,https://tcgplayer-cdn.tcgplayer.com/product/683663_200w.jpg,85,https://www.tcgplayer.com/product/683663/pokemon-japan-m4-ninja-spinner-braixen,2026-03-13T12:52:30.26,1,False,,Normal,0.05,0.21,2.1,0.18,
24653,M4: Ninja Spinner,m4,False,2026-03-13T00:00:00,2026-03-13T14:27:03.19,683664,Delphox,Delphox,https://tcgplayer-cdn.tcgplayer.com/product/683664_200w.jpg,85,https://www.tcgplayer.com/product/683664/pokemon-japan-m4-ninja-spinner-delphox,2026-03-13T12:52:30.31,1,False,,Holofoil,0.01,0.31,2.73,0.26,
24653,M4: Ninja Spinner,m4,False,2026-03-13T00:00:00,2026-03-13T14:27:03.19,683665,Litleo,Litleo,https://tcgplayer-cdn.tcgplayer.com/product/683665_200w.jpg,85,https://www.tcgplayer.com/product/683665/pokemon-japan-m4-ninja-spinner-litleo,2026-03-13T12:52:30.357,1,False,,Normal,0.03,0.26,2.8,0.22,
24653,M4: Ninja Spinner,m4,False,2026-03-13T00:00:00,2026-03-13T14:27:03.19,683666,Mega Pyroar ex - 015/083,Mega Pyroar ex 015 083,https://tcgplayer-cdn.tcgplayer.com/product/683666_200w.jpg,85,https://www.tcgplayer.com/product/683666/pokemon-japan-m4-ninja-spinner-mega-pyroar-ex-015-083,2026-03-13T12:52:30.41,1,False,,Holofoil,0.15,0.58,2.5,0.53,
24653,M4: Ninja Spinner,m4,False,2026-03-13T00:00:00,2026-03-13T14:27:03.19,683667,Remoraid,Remoraid,https://tcgplayer-cdn.tcgplayer.com/product/683667_200w.jpg,85,https://www.tcgplayer.com/product/683667/pokemon-japan-m4-ninja-spinner-remoraid,2026-03-13T12:52:30.457,1,False,,Normal,0.01,0.25,3.3,0.17,
24653,M4: Ninja Spinner,m4,False,2026-03-13T00:00:00,2026-03-13T14:27:03.19,683668,Octillery,Octillery,https://tcgplayer-cdn.tcgplayer.com/product/683668_200w.jpg,85,https://www.tcgplayer.com/product/683668/pokemon-japan-m4-ninja-spinner-octillery,2026-03-13T12:52:30.52,1,False,,Normal,0.04,0.2,2.0,0.16,
24653,M4: Ninja Spinner,m4,False,2026-03-13T00:00:00,2026-03-13T14:27:03.19,683669,Delibird,Delibird,https://tcgplayer-cdn.tcgplayer.com/product/683669_200w.jpg,85,https://www.tcgplayer.com/product/683669/pokemon-japan-m4-ninja-spinner-delibird,2026-03-13T12:52:30.58,1,False,,Normal,0.1,0.2,2.23,0.17,
24653,M4: Ninja Spinner,m4,False,2026-03-13T00:00:00,2026-03-13T14:27:03.19,683670,Keldeo,Keldeo,https://tcgplayer-cdn.tcgplayer.com/product/683670_200w.jpg,85,https://www.tcgplayer.com/product/683670/pokemon-japan-m4-ninja-spinner-keldeo,2026-03-13T12:52:30.643,1,False,,Normal,0.03,0.22,2.2,0.2,
24653,M4: Ninja Spinner,m4,False,2026-03-13T00:00:00,2026-03-13T14:27:03.19,683671,Froakie - 020/083,Froakie 020 083,https://tcgplayer-cdn.tcgplayer.com/product/683671_200w.jpg,85,https://www.tcgplayer.com/product/683671/pokemon-japan-m4-ninja-spinner-froakie-020-083,2026-03-13T12:52:30.707,1,False,,Normal,0.01,0.2,2.23,0.18,
24653,M4: Ninja Spinner,m4,False,2026-03-13T00:00:00,2026-03-13T14:27:03.19,683672,Frogadier - 021/083,Frogadier 021 083,https://tcgplayer-cdn.tcgplayer.com/product/683672_200w.jpg,85,https://www.tcgplayer.com/product/683672/pokemon-japan-m4-ninja-spinner-frogadier-021-083,2026-03-13T12:52:30.787,1,False,,Normal,0.01,0.21,2.1,0.19,
24653,M4: Ninja Spinner,m4,False,2026-03-13T00:00:00,2026-03-13T14:27:03.19,683673,Mega Greninja ex - 022/083,Mega Greninja ex 022 083,https://tcgplayer-cdn.tcgplayer.com/product/683673_200w.jpg,85,https://www.tcgplayer.com/product/683673/pokemon-japan-m4-ninja-spinner-mega-greninja-ex-022-083,2026-03-13T12:52:30.85,1,False,,Holofoil,0.96,1.89,5.99,1.42,
24653,M4: Ninja Spinner,m4,False,2026-03-13T00:00:00,2026-03-13T14:27:03.19,683674,Bergmite,Bergmite,https://tcgplayer-cdn.tcgplayer.com/product/683674_200w.jpg,85,https://www.tcgplayer.com/product/683674/pokemon-japan-m4-ninja-spinner-bergmite,2026-03-13T12:52:30.903,1,False,,Normal,0.03,0.25,2.9,0.25,
24653,M4: Ninja Spinner,m4,False,2026-03-13T00:00:00,2026-03-13T14:27:03.19,683675,Avalugg,Avalugg,https://tcgplayer-cdn.tcgplayer.com/product/683675_200w.jpg,85,https://www.tcgplayer.com/product/683675/pokemon-japan-m4-ninja-spinner-avalugg,2026-03-13T12:52:30.967,1,False,,Normal,0.02,0.2,2.0,0.15,
24653,M4: Ninja Spinner,m4,False,2026-03-13T00:00:00,2026-03-13T14:27:03.19,683676,Wimpod,Wimpod,https://tcgplayer-cdn.tcgplayer.com/product/683676_200w.jpg,85,https://www.tcgplayer.com/product/683676/pokemon-japan-m4-ninja-spinner-wimpod,2026-03-13T12:52:31.03,1,False,,Normal,0.01,0.34,3.8,0.3,
24653,M4: Ninja Spinner,m4,False,2026-03-13T00:00:00,2026-03-13T14:27:03.19,683677,Golisopod,Golisopod,https://tcgplayer-cdn.tcgplayer.com/product/683677_200w.jpg,85,https://www.tcgplayer.com/product/683677/pokemon-japan-m4-ninja-spinner-golisopod,2026-03-13T12:52:31.107,1,False,,Normal,0.05,0.27,2.9,0.27,
24653,M4: Ninja Spinner,m4,False,2026-03-13T00:00:00,2026-03-13T14:27:03.19,683678,Mareep,Mareep,https://tcgplayer-cdn.tcgplayer.com/product/683678_200w.jpg,85,https://www.tcgplayer.com/product/683678/pokemon-japan-m4-ninja-spinner-mareep,2026-03-13T12:52:31.17,1,False,,Normal,0.01,0.2,2.48,0.16,
24653,M4: Ninja Spinner,m4,False,2026-03-13T00:00:00,2026-03-13T14:27:03.19,683679,Flaaffy,Flaaffy,https://tcgplayer-cdn.tcgplayer.com/product/683679_200w.jpg,85,https://www.tcgplayer.com/product/683679/pokemon-japan-m4-ninja-spinner-flaaffy,2026-03-13T12:52:31.247,1,False,,Normal,0.05,0.24,2.4,0.18,
24653,M4: Ninja Spinner,m4,False,2026-03-13T00:00:00,2026-03-13T14:27:03.19,683680,Ampharos - 029/083,Ampharos 029 083,https://tcgplayer-cdn.tcgplayer.com/product/683680_200w.jpg,85,https://www.tcgplayer.com/product/683680/pokemon-japan-m4-ninja-spinner-ampharos-029-083,2026-03-13T12:52:31.337,1,False,,Holofoil,0.2,0.58,2.05,0.49,
24653,M4: Ninja Spinner,m4,False,2026-03-13T00:00:00,2026-03-13T14:27:03.19,683681,Emolga,Emolga,https://tcgplayer-cdn.tcgplayer.com/product/683681_200w.jpg,85,https://www.tcgplayer.com/product/683681/pokemon-japan-m4-ninja-spinner-emolga,2026-03-13T12:52:31.4,1,False,,Normal,0.02,0.32,3.3,0.33,
24653,M4: Ninja Spinner,m4,False,2026-03-13T00:00:00,2026-03-13T14:27:03.19,683682,Deoxys - 031/083,Deoxys 031 083,https://tcgplayer-cdn.tcgplayer.com/product/683682_200w.jpg,85,https://www.tcgplayer.com/product/683682/pokemon-japan-m4-ninja-spinner-deoxys-031-083,2026-03-13T12:52:31.463,1,False,,Normal,0.03,0.28,2.48,0.26,
24653,M4: Ninja Spinner,m4,False,2026-03-13T00:00:00,2026-03-13T14:27:03.19,683683,Deoxys - 032/083,Deoxys 032 083,https://tcgplayer-cdn.tcgplayer.com/product/683683_200w.jpg,85,https://www.tcgplayer.com/product/683683/pokemon-japan-m4-ninja-spinner-deoxys-032-083,2026-03-13T12:52:31.527,1,False,,Normal,0.01,0.26,2.48,0.23,
24653,M4: Ninja Spinner,m4,False,2026-03-13T00:00:00,2026-03-13T14:27:03.19,683684,Deoxys - 033/083,Deoxys 033 083,https://tcgplayer-cdn.tcgplayer.com/product/683684_200w.jpg,85,https://www.tcgplayer.com/product/683684/pokemon-japan-m4-ninja-spinner-deoxys-033-083,2026-03-13T12:52:31.603,1,False,,Normal,0.03,0.29,2.8,0.25,
24653,M4: Ninja Spinner,m4,False,2026-03-13T00:00:00,2026-03-13T14:27:03.19,683685,Deoxys - 034/083,Deoxys 034 083,https://tcgplayer-cdn.tcgplayer.com/product/683685_200w.jpg,85,https://www.tcgplayer.com/product/683685/pokemon-japan-m4-ninja-spinner-deoxys-034-083,2026-03-13T12:52:31.667,1,False,,Normal,0.1,0.25,2.6,0.24,
24653,M4: Ninja Spinner,m4,False,2026-03-13T00:00:00,2026-03-13T14:27:03.19,683686,Mega Floette ex - 035/083,Mega Floette ex 035 083,https://tcgplayer-cdn.tcgplayer.com/product/683686_200w.jpg,85,https://www.tcgplayer.com/product/683686/pokemon-japan-m4-ninja-spinner-mega-floette-ex-035-083,2026-03-13T12:52:31.747,1,False,,Holofoil,0.2,0.52,3.0,0.3,
24653,M4: Ninja Spinner,m4,False,2026-03-13T00:00:00,2026-03-13T14:27:03.19,683687,Espurr,Espurr,https://tcgplayer-cdn.tcgplayer.com/product/683687_200w.jpg,85,https://www.tcgplayer.com/product/683687/pokemon-japan-m4-ninja-spinner-espurr,2026-03-13T12:52:31.82,1,False,,Normal,0.03,0.2,2.0,0.18,
24653,M4: Ninja Spinner,m4,False,2026-03-13T00:00:00,2026-03-13T14:27:03.19,683688,Meowstic,Meowstic,https://tcgplayer-cdn.tcgplayer.com/product/683688_200w.jpg,85,https://www.tcgplayer.com/product/683688/pokemon-japan-m4-ninja-spinner-meowstic,2026-03-13T12:52:31.897,1,False,,Normal,0.03,0.28,2.7,0.28,
24653,M4: Ninja Spinner,m4,False,2026-03-13T00:00:00,2026-03-13T14:27:03.19,683689,Phantump,Phantump,https://tcgplayer-cdn.tcgplayer.com/product/683689_200w.jpg,85,https://www.tcgplayer.com/product/683689/pokemon-japan-m4-ninja-spinner-phantump,2026-03-13T12:52:31.973,1,False,,Normal,0.01,0.2,2.1,0.15,
24653,M4: Ninja Spinner,m4,False,2026-03-13T00:00:00,2026-03-13T14:27:03.19,683690,Trevenant,Trevenant,https://tcgplayer-cdn.tcgplayer.com/product/683690_200w.jpg,85,https://www.tcgplayer.com/product/683690/pokemon-japan-m4-ninja-spinner-trevenant,2026-03-13T12:52:32.037,1,False,,Holofoil,0.01,0.3,1.92,0.23,
24653,M4: Ninja Spinner,m4,False,2026-03-13T00:00:00,2026-03-13T14:27:03.19,683691,Pumpkaboo,Pumpkaboo,https://tcgplayer-cdn.tcgplayer.com/product/683691_200w.jpg,85,https://www.tcgplayer.com/product/683691/pokemon-japan-m4-ninja-spinner-pumpkaboo,2026-03-13T12:52:32.13,1,False,,Normal,0.03,0.21,2.2,0.18,
24653,M4: Ninja Spinner,m4,False,2026-03-13T00:00:00,2026-03-13T14:27:03.19,683692,Gourgeist ex - 041/083,Gourgeist ex 041 083,https://tcgplayer-cdn.tcgplayer.com/product/683692_200w.jpg,85,https://www.tcgplayer.com/product/683692/pokemon-japan-m4-ninja-spinner-gourgeist-ex-041-083,2026-03-13T12:52:32.21,1,False,,Holofoil,0.05,0.49,3.0,0.39,
24653,M4: Ninja Spinner,m4,False,2026-03-13T00:00:00,2026-03-13T14:27:03.19,683693,Xerneas - 042/083,Xerneas 042 083,https://tcgplayer-cdn.tcgplayer.com/product/683693_200w.jpg,85,https://www.tcgplayer.com/product/683693/pokemon-japan-m4-ninja-spinner-xerneas-042-083,2026-03-13T12:52:32.297,1,False,,Holofoil,0.03,0.41,1.91,0.39,
24653,M4: Ninja Spinner,m4,False,2026-03-13T00:00:00,2026-03-13T14:27:03.19,683694,Sudowoodo,Sudowoodo,https://tcgplayer-cdn.tcgplayer.com/product/683694_200w.jpg,85,https://www.tcgplayer.com/product/683694/pokemon-japan-m4-ninja-spinner-sudowoodo,2026-03-13T12:52:32.377,1,False,,Normal,0.1,0.2,1.98,0.16,
24653,M4: Ninja Spinner,m4,False,2026-03-13T00:00:00,2026-03-13T14:27:03.19,683695,Phanpy,Phanpy,https://tcgplayer-cdn.tcgplayer.com/product/683695_200w.jpg,85,https://www.tcgplayer.com/product/683695/pokemon-japan-m4-ninja-spinner-phanpy,2026-03-13T12:52:32.453,1,False,,Normal,0.02,0.2,2.2,0.17,
24653,M4: Ninja Spinner,m4,False,2026-03-13T00:00:00,2026-03-13T14:27:03.19,683696,Donphan,Donphan,https://tcgplayer-cdn.tcgplayer.com/product/683696_200w.jpg,85,https://www.tcgplayer.com/product/683696/pokemon-japan-m4-ninja-spinner-donphan,2026-03-13T12:52:32.55,1,False,,Normal,0.1,0.2,2.0,0.16,
24653,M4: Ninja Spinner,m4,False,2026-03-13T00:00:00,2026-03-13T14:27:03.19,683697,Baltoy,Baltoy,https://tcgplayer-cdn.tcgplayer.com/product/683697_200w.jpg,85,https://www.tcgplayer.com/product/683697/pokemon-japan-m4-ninja-spinner-baltoy,2026-03-13T12:52:32.703,1,False,,Normal,0.04,0.15,2.0,0.1,
24653,M4: Ninja Spinner,m4,False,2026-03-13T00:00:00,2026-03-13T14:27:03.19,683698,Claydol - 047/083,Claydol 047 083,https://tcgplayer-cdn.tcgplayer.com/product/683698_200w.jpg,85,https://www.tcgplayer.com/product/683698/pokemon-japan-m4-ninja-spinner-claydol-047-083,2026-03-13T12:52:32.783,1,False,,Normal,0.1,0.2,2.2,0.19,
24653,M4: Ninja Spinner,m4,False,2026-03-13T00:00:00,2026-03-13T14:27:03.19,683699,Zubat,Zubat,https://tcgplayer-cdn.tcgplayer.com/product/683699_200w.jpg,85,https://www.tcgplayer.com/product/683699/pokemon-japan-m4-ninja-spinner-zubat,2026-03-13T12:52:32.927,1,False,,Normal,0.01,0.34,4.1,0.28,
24653,M4: Ninja Spinner,m4,False,2026-03-13T00:00:00,2026-03-13T14:27:03.19,683700,Golbat,Golbat,https://tcgplayer-cdn.tcgplayer.com/product/683700_200w.jpg,85,https://www.tcgplayer.com/product/683700/pokemon-japan-m4-ninja-spinner-golbat,2026-03-13T12:52:33.07,1,False,,Normal,0.01,0.29,3.5,0.29,
24653,M4: Ninja Spinner,m4,False,2026-03-13T00:00:00,2026-03-13T14:27:03.19,683701,Crobat - 050/083,Crobat 050 083,https://tcgplayer-cdn.tcgplayer.com/product/683701_200w.jpg,85,https://www.tcgplayer.com/product/683701/pokemon-japan-m4-ninja-spinner-crobat-050-083,2026-03-13T12:52:33.163,1,False,,Normal,0.01,0.28,3.5,0.24,
24653,M4: Ninja Spinner,m4,False,2026-03-13T00:00:00,2026-03-13T14:27:03.19,683702,Qwilfish,Qwilfish,https://tcgplayer-cdn.tcgplayer.com/product/683702_200w.jpg,85,https://www.tcgplayer.com/product/683702/pokemon-japan-m4-ninja-spinner-qwilfish,2026-03-13T12:52:33.257,1,False,,Normal,0.01,0.18,2.0,0.16,
24653,M4: Ninja Spinner,m4,False,2026-03-13T00:00:00,2026-03-13T14:27:03.19,683703,Stunky,Stunky,https://tcgplayer-cdn.tcgplayer.com/product/683703_200w.jpg,85,https://www.tcgplayer.com/product/683703/pokemon-japan-m4-ninja-spinner-stunky,2026-03-13T12:52:33.347,1,False,,Normal,0.01,0.25,2.9,0.24,
24653,M4: Ninja Spinner,m4,False,2026-03-13T00:00:00,2026-03-13T14:27:03.19,683704,Skuntank,Skuntank,https://tcgplayer-cdn.tcgplayer.com/product/683704_200w.jpg,85,https://www.tcgplayer.com/product/683704/pokemon-japan-m4-ninja-spinner-skuntank,2026-03-13T12:52:33.427,1,False,,Normal,0.01,0.28,2.23,0.27,
24653,M4: Ninja Spinner,m4,False,2026-03-13T00:00:00,2026-03-13T14:27:03.19,683705,Trubbish,Trubbish,https://tcgplayer-cdn.tcgplayer.com/product/683705_200w.jpg,85,https://www.tcgplayer.com/product/683705/pokemon-japan-m4-ninja-spinner-trubbish,2026-03-13T12:52:33.52,1,False,,Normal,0.01,0.25,2.9,0.21,
24653,M4: Ninja Spinner,m4,False,2026-03-13T00:00:00,2026-03-13T14:27:03.19,683706,Garbodor,Garbodor,https://tcgplayer-cdn.tcgplayer.com/product/683706_200w.jpg,85,https://www.tcgplayer.com/product/683706/pokemon-japan-m4-ninja-spinner-garbodor,2026-03-13T12:52:33.643,1,False,,Normal,0.01,0.33,3.9,0.26,
24653,M4: Ninja Spinner,m4,False,2026-03-13T00:00:00,2026-03-13T14:27:03.19,683707,Skrelp,Skrelp,https://tcgplayer-cdn.tcgplayer.com/product/683707_200w.jpg,85,https://www.tcgplayer.com/product/683707/pokemon-japan-m4-ninja-spinner-skrelp,2026-03-13T12:52:33.737,1,False,,Normal,0.05,0.2,2.0,0.16,
24653,M4: Ninja Spinner,m4,False,2026-03-13T00:00:00,2026-03-13T14:27:03.19,683708,Beldum,Beldum,https://tcgplayer-cdn.tcgplayer.com/product/683708_200w.jpg,85,https://www.tcgplayer.com/product/683708/pokemon-japan-m4-ninja-spinner-beldum,2026-03-13T12:52:33.817,1,False,,Normal,0.09,0.26,3.5,0.24,
24653,M4: Ninja Spinner,m4,False,2026-03-13T00:00:00,2026-03-13T14:27:03.19,683709,Metang - 058/083,Metang 058 083,https://tcgplayer-cdn.tcgplayer.com/product/683709_200w.jpg,85,https://www.tcgplayer.com/product/683709/pokemon-japan-m4-ninja-spinner-metang-058-083,2026-03-13T12:52:33.913,1,False,,Normal,0.04,0.25,2.8,0.24,
24653,M4: Ninja Spinner,m4,False,2026-03-13T00:00:00,2026-03-13T14:27:03.19,683710,Metagross,Metagross,https://tcgplayer-cdn.tcgplayer.com/product/683710_200w.jpg,85,https://www.tcgplayer.com/product/683710/pokemon-japan-m4-ninja-spinner-metagross,2026-03-13T12:52:34.007,1,False,,Normal,0.01,0.28,3.1,0.25,
24653,M4: Ninja Spinner,m4,False,2026-03-13T00:00:00,2026-03-13T14:27:03.19,683711,Ferroseed,Ferroseed,https://tcgplayer-cdn.tcgplayer.com/product/683711_200w.jpg,85,https://www.tcgplayer.com/product/683711/pokemon-japan-m4-ninja-spinner-ferroseed,2026-03-13T12:52:34.107,1,False,,Normal,0.02,0.15,2.0,0.13,
24653,M4: Ninja Spinner,m4,False,2026-03-13T00:00:00,2026-03-13T14:27:03.19,683712,Ferrothorn,Ferrothorn,https://tcgplayer-cdn.tcgplayer.com/product/683712_200w.jpg,85,https://www.tcgplayer.com/product/683712/pokemon-japan-m4-ninja-spinner-ferrothorn,2026-03-13T12:52:34.23,1,False,,Normal,0.02,0.23,2.3,0.2,
24653,M4: Ninja Spinner,m4,False,2026-03-13T00:00:00,2026-03-13T14:27:03.19,683713,Cobalion ex - 062/083,Cobalion ex 062 083,https://tcgplayer-cdn.tcgplayer.com/product/683713_200w.jpg,85,https://www.tcgplayer.com/product/683713/pokemon-japan-m4-ninja-spinner-cobalion-ex-062-083,2026-03-13T12:52:34.34,1,False,,Holofoil,0.04,0.31,3.36,0.26,
24653,M4: Ninja Spinner,m4,False,2026-03-13T00:00:00,2026-03-13T14:27:03.19,683714,Mega Dragalge ex - 063/083,Mega Dragalge ex 063 083,https://tcgplayer-cdn.tcgplayer.com/product/683714_200w.jpg,85,https://www.tcgplayer.com/product/683714/pokemon-japan-m4-ninja-spinner-mega-dragalge-ex-063-083,2026-03-13T12:52:34.433,1,False,,Holofoil,0.2,0.5,4.99,0.38,
24653,M4: Ninja Spinner,m4,False,2026-03-13T00:00:00,2026-03-13T14:27:03.19,683715,Goomy,Goomy,https://tcgplayer-cdn.tcgplayer.com/product/683715_200w.jpg,85,https://www.tcgplayer.com/product/683715/pokemon-japan-m4-ninja-spinner-goomy,2026-03-13T12:52:34.53,1,False,,Normal,0.01,0.22,2.2,0.18,
24653,M4: Ninja Spinner,m4,False,2026-03-13T00:00:00,2026-03-13T14:27:03.19,683716,Sliggoo - 065/083,Sliggoo 065 083,https://tcgplayer-cdn.tcgplayer.com/product/683716_200w.jpg,85,https://www.tcgplayer.com/product/683716/pokemon-japan-m4-ninja-spinner-sliggoo-065-083,2026-03-13T12:52:34.637,1,False,,Normal,0.01,0.25,2.9,0.18,
24653,M4: Ninja Spinner,m4,False,2026-03-13T00:00:00,2026-03-13T14:27:03.19,683717,Goodra,Goodra,https://tcgplayer-cdn.tcgplayer.com/product/683717_200w.jpg,85,https://www.tcgplayer.com/product/683717/pokemon-japan-m4-ninja-spinner-goodra,2026-03-13T12:52:34.727,1,False,,Normal,0.03,0.25,2.6,0.2,
24653,M4: Ninja Spinner,m4,False,2026-03-13T00:00:00,2026-03-13T14:27:03.19,683718,Tauros - 067/083,Tauros 067 083,https://tcgplayer-cdn.tcgplayer.com/product/683718_200w.jpg,85,https://www.tcgplayer.com/product/683718/pokemon-japan-m4-ninja-spinner-tauros-067-083,2026-03-13T12:52:34.823,1,False,,Normal,0.1,0.18,1.98,0.16,
24653,M4: Ninja Spinner,m4,False,2026-03-13T00:00:00,2026-03-13T14:27:03.19,683719,Patrat,Patrat,https://tcgplayer-cdn.tcgplayer.com/product/683719_200w.jpg,85,https://www.tcgplayer.com/product/683719/pokemon-japan-m4-ninja-spinner-patrat,2026-03-13T12:52:34.92,1,False,,Normal,0.01,0.25,2.9,0.2,
24653,M4: Ninja Spinner,m4,False,2026-03-13T00:00:00,2026-03-13T14:27:03.19,683720,Watchog - 069/083,Watchog 069 083,https://tcgplayer-cdn.tcgplayer.com/product/683720_200w.jpg,85,https://www.tcgplayer.com/product/683720/pokemon-japan-m4-ninja-spinner-watchog-069-083,2026-03-13T12:52:35.027,1,False,,Normal,0.03,0.19,2.0,0.16,
24653,M4: Ninja Spinner,m4,False,2026-03-13T00:00:00,2026-03-13T14:27:03.19,683721,Minccino,Minccino,https://tcgplayer-cdn.tcgplayer.com/product/683721_200w.jpg,85,https://www.tcgplayer.com/product/683721/pokemon-japan-m4-ninja-spinner-minccino,2026-03-13T12:52:35.137,1,False,,Normal,0.02,0.21,2.1,0.21,
24653,M4: Ninja Spinner,m4,False,2026-03-13T00:00:00,2026-03-13T14:27:03.19,683722,Cinccino ex - 071/083,Cinccino ex 071 083,https://tcgplayer-cdn.tcgplayer.com/product/683722_200w.jpg,85,https://www.tcgplayer.com/product/683722/pokemon-japan-m4-ninja-spinner-cinccino-ex-071-083,2026-03-13T12:52:35.237,1,False,,Holofoil,0.19,0.57,3.5,0.39,
24653,M4: Ninja Spinner,m4,False,2026-03-13T00:00:00,2026-03-13T14:27:03.19,683723,Special Red Card - 072/083,Special Red Card 072 083,https://tcgplayer-cdn.tcgplayer.com/product/683723_200w.jpg,85,https://www.tcgplayer.com/product/683723/pokemon-japan-m4-ninja-spinner-special-red-card-072-083,2026-03-13T12:52:35.34,1,False,,Normal,0.1,0.36,3.8,0.31,
24653,M4: Ninja Spinner,m4,False,2026-03-13T00:00:00,2026-03-13T14:27:03.19,683724,Big Haul Net,Big Haul Net,https://tcgplayer-cdn.tcgplayer.com/product/683724_200w.jpg,85,https://www.tcgplayer.com/product/683724/pokemon-japan-m4-ninja-spinner-big-haul-net,2026-03-13T12:52:35.417,1,False,,Normal,0.09,0.35,2.73,0.33,
24653,M4: Ninja Spinner,m4,False,2026-03-13T00:00:00,2026-03-13T14:27:03.19,683725,Book of Transformation,Book of Transformation,https://tcgplayer-cdn.tcgplayer.com/product/683725_200w.jpg,85,https://www.tcgplayer.com/product/683725/pokemon-japan-m4-ninja-spinner-book-of-transformation,2026-03-13T12:52:35.48,1,False,,Normal,0.09,0.39,5.3,0.37,
24653,M4: Ninja Spinner,m4,False,2026-03-13T00:00:00,2026-03-13T14:27:03.19,683726,AZ's Tranquility - 075/083,AZs Tranquility 075 083,https://tcgplayer-cdn.tcgplayer.com/product/683726_200w.jpg,85,https://www.tcgplayer.com/product/683726/pokemon-japan-m4-ninja-spinner-azs-tranquility-075-083,2026-03-13T12:52:35.557,1,False,,Normal,0.1,0.21,2.73,0.18,
24653,M4: Ninja Spinner,m4,False,2026-03-13T00:00:00,2026-03-13T14:27:03.19,683727,Philippe - 076/083,Philippe 076 083,https://tcgplayer-cdn.tcgplayer.com/product/683727_200w.jpg,85,https://www.tcgplayer.com/product/683727/pokemon-japan-m4-ninja-spinner-philippe-076-083,2026-03-13T12:52:35.637,1,False,,Normal,0.01,0.4,4.3,0.35,
24653,M4: Ninja Spinner,m4,False,2026-03-13T00:00:00,2026-03-13T14:27:03.19,683728,Roxie's Performance - 077/083,Roxies Performance 077 083,https://tcgplayer-cdn.tcgplayer.com/product/683728_200w.jpg,85,https://www.tcgplayer.com/product/683728/pokemon-japan-m4-ninja-spinner-roxies-performance-077-083,2026-03-13T12:52:35.707,1,False,,Normal,0.02,0.31,3.5,0.24,
24653,M4: Ninja Spinner,m4,False,2026-03-13T00:00:00,2026-03-13T14:27:03.19,683729,Emma - 078/083,Emma 078 083,https://tcgplayer-cdn.tcgplayer.com/product/683729_200w.jpg,85,https://www.tcgplayer.com/product/683729/pokemon-japan-m4-ninja-spinner-emma-078-083,2026-03-13T12:52:35.787,1,False,,Normal,0.01,0.29,2.9,0.27,
24653,M4: Ninja Spinner,m4,False,2026-03-13T00:00:00,2026-03-13T14:27:03.19,683730,Ange Floette,Ange Floette,https://tcgplayer-cdn.tcgplayer.com/product/683730_200w.jpg,85,https://www.tcgplayer.com/product/683730/pokemon-japan-m4-ninja-spinner-ange-floette,2026-03-13T12:52:35.85,1,False,,Normal,0.1,0.25,2.9,0.2,
24653,M4: Ninja Spinner,m4,False,2026-03-13T00:00:00,2026-03-13T14:27:03.19,683731,Prism Tower - 080/083,Prism Tower 080 083,https://tcgplayer-cdn.tcgplayer.com/product/683731_200w.jpg,85,https://www.tcgplayer.com/product/683731/pokemon-japan-m4-ninja-spinner-prism-tower-080-083,2026-03-13T12:52:35.92,1,False,,Normal,0.01,0.4,4.2,0.39,
24653,M4: Ninja Spinner,m4,False,2026-03-13T00:00:00,2026-03-13T14:27:03.19,683732,Nitro R Energy,Nitro R Energy,https://tcgplayer-cdn.tcgplayer.com/product/683732_200w.jpg,85,https://www.tcgplayer.com/product/683732/pokemon-japan-m4-ninja-spinner-nitro-r-energy,2026-03-13T12:52:36,1,False,,Holofoil,0.02,0.56,3.0,0.54,
24653,M4: Ninja Spinner,m4,False,2026-03-13T00:00:00,2026-03-13T14:27:03.19,683733,Bubble W Energy,Bubble W Energy,https://tcgplayer-cdn.tcgplayer.com/product/683733_200w.jpg,85,https://www.tcgplayer.com/product/683733/pokemon-japan-m4-ninja-spinner-bubble-w-energy,2026-03-13T12:52:36.093,1,False,,Holofoil,0.01,0.71,6.0,0.59,
24653,M4: Ninja Spinner,m4,False,2026-03-13T00:00:00,2026-03-13T14:27:03.19,683734,Magnet M Energy,Magnet M Energy,https://tcgplayer-cdn.tcgplayer.com/product/683734_200w.jpg,85,https://www.tcgplayer.com/product/683734/pokemon-japan-m4-ninja-spinner-magnet-m-energy,2026-03-13T12:52:36.153,1,False,,Holofoil,0.01,0.59,3.69,0.43,
24653,M4: Ninja Spinner,m4,False,2026-03-13T00:00:00,2026-03-13T14:27:03.19,683735,Chespin - 084/083,Chespin 084 083,https://tcgplayer-cdn.tcgplayer.com/product/683735_200w.jpg,85,https://www.tcgplayer.com/product/683735/pokemon-japan-m4-ninja-spinner-chespin-084-083,2026-03-13T13:39:04.21,1,False,,Holofoil,2.99,4.84,20.0,3.9,
24653,M4: Ninja Spinner,m4,False,2026-03-13T00:00:00,2026-03-13T14:27:03.19,683736,Fennekin - 085/083,Fennekin 085 083,https://tcgplayer-cdn.tcgplayer.com/product/683736_200w.jpg,85,https://www.tcgplayer.com/product/683736/pokemon-japan-m4-ninja-spinner-fennekin-085-083,2026-03-13T13:39:04.29,1,False,,Holofoil,1.69,3.5,9.99,2.76,
24653,M4: Ninja Spinner,m4,False,2026-03-13T00:00:00,2026-03-13T14:27:03.19,683737,Froakie - 086/083,Froakie 086 083,https://tcgplayer-cdn.tcgplayer.com/product/683737_200w.jpg,85,https://www.tcgplayer.com/product/683737/pokemon-japan-m4-ninja-spinner-froakie-086-083,2026-03-13T13:39:04.377,1,False,,Holofoil,4.99,7.89,14.0,5.08,
24653,M4: Ninja Spinner,m4,False,2026-03-13T00:00:00,2026-03-13T14:27:03.19,683738,Frogadier - 087/083,Frogadier 087 083,https://tcgplayer-cdn.tcgplayer.com/product/683738_200w.jpg,85,https://www.tcgplayer.com/product/683738/pokemon-japan-m4-ninja-spinner-frogadier-087-083,2026-03-13T13:39:04.44,1,False,,Holofoil,3.0,6.35,23.2,4.14,
24653,M4: Ninja Spinner,m4,False,2026-03-13T00:00:00,2026-03-13T14:27:03.19,683739,Ampharos - 088/083,Ampharos 088 083,https://tcgplayer-cdn.tcgplayer.com/product/683739_200w.jpg,85,https://www.tcgplayer.com/product/683739/pokemon-japan-m4-ninja-spinner-ampharos-088-083,2026-03-13T13:39:04.503,1,False,,Holofoil,4.23,6.36,60.0,5.49,
24653,M4: Ninja Spinner,m4,False,2026-03-13T00:00:00,2026-03-13T14:27:03.19,683740,Xerneas - 089/083,Xerneas 089 083,https://tcgplayer-cdn.tcgplayer.com/product/683740_200w.jpg,85,https://www.tcgplayer.com/product/683740/pokemon-japan-m4-ninja-spinner-xerneas-089-083,2026-03-13T13:39:04.58,1,False,,Holofoil,5.25,7.98,21.98,6.65,
24653,M4: Ninja Spinner,m4,False,2026-03-13T00:00:00,2026-03-13T14:27:03.19,683741,Claydol - 090/083,Claydol 090 083,https://tcgplayer-cdn.tcgplayer.com/product/683741_200w.jpg,85,https://www.tcgplayer.com/product/683741/pokemon-japan-m4-ninja-spinner-claydol-090-083,2026-03-13T13:39:04.66,1,False,,Holofoil,1.39,2.77,8.33,2.43,
24653,M4: Ninja Spinner,m4,False,2026-03-13T00:00:00,2026-03-13T14:27:03.19,683742,Crobat - 091/083,Crobat 091 083,https://tcgplayer-cdn.tcgplayer.com/product/683742_200w.jpg,85,https://www.tcgplayer.com/product/683742/pokemon-japan-m4-ninja-spinner-crobat-091-083,2026-03-13T13:39:04.723,1,False,,Holofoil,2.25,3.44,12.87,2.7,
24653,M4: Ninja Spinner,m4,False,2026-03-13T00:00:00,2026-03-13T14:27:03.19,683743,Metang - 092/083,Metang 092 083,https://tcgplayer-cdn.tcgplayer.com/product/683743_200w.jpg,85,https://www.tcgplayer.com/product/683743/pokemon-japan-m4-ninja-spinner-metang-092-083,2026-03-13T13:39:04.783,1,False,,Holofoil,1.7,2.74,5.0,2.46,
24653,M4: Ninja Spinner,m4,False,2026-03-13T00:00:00,2026-03-13T14:27:03.19,683744,Sliggoo - 093/083,Sliggoo 093 083,https://tcgplayer-cdn.tcgplayer.com/product/683744_200w.jpg,85,https://www.tcgplayer.com/product/683744/pokemon-japan-m4-ninja-spinner-sliggoo-093-083,2026-03-13T13:39:04.87,1,False,,Holofoil,1.78,3.4,8.0,2.75,
24653,M4: Ninja Spinner,m4,False,2026-03-13T00:00:00,2026-03-13T14:27:03.19,683745,Tauros - 094/083,Tauros 094 083,https://tcgplayer-cdn.tcgplayer.com/product/683745_200w.jpg,85,https://www.tcgplayer.com/product/683745/pokemon-japan-m4-ninja-spinner-tauros-094-083,2026-03-13T13:39:04.943,1,False,,Holofoil,1.85,3.25,12.0,2.56,
24653,M4: Ninja Spinner,m4,False,2026-03-13T00:00:00,2026-03-13T14:27:03.19,683746,Watchog - 095/083,Watchog 095 083,https://tcgplayer-cdn.tcgplayer.com/product/683746_200w.jpg,85,https://www.tcgplayer.com/product/683746/pokemon-japan-m4-ninja-spinner-watchog-095-083,2026-03-13T13:39:05.023,1,False,,Holofoil,1.6,2.9,4.99,2.67,
24653,M4: Ninja Spinner,m4,False,2026-03-13T00:00:00,2026-03-13T14:27:03.19,683747,Beedrill ex - 096/083,Beedrill ex 096 083,https://tcgplayer-cdn.tcgplayer.com/product/683747_200w.jpg,85,https://www.tcgplayer.com/product/683747/pokemon-japan-m4-ninja-spinner-beedrill-ex-096-083,2026-03-13T13:39:05.083,1,False,,Holofoil,4.0,6.0,10.0,5.36,
24653,M4: Ninja Spinner,m4,False,2026-03-13T00:00:00,2026-03-13T14:27:03.19,683748,Mega Pyroar ex - 097/083,Mega Pyroar ex 097 083,https://tcgplayer-cdn.tcgplayer.com/product/683748_200w.jpg,85,https://www.tcgplayer.com/product/683748/pokemon-japan-m4-ninja-spinner-mega-pyroar-ex-097-083,2026-03-13T13:39:05.177,1,False,,Holofoil,2.97,4.64,23.0,3.89,
24653,M4: Ninja Spinner,m4,False,2026-03-13T00:00:00,2026-03-13T14:27:03.19,683749,Mega Greninja ex - 098/083,Mega Greninja ex 098 083,https://tcgplayer-cdn.tcgplayer.com/product/683749_200w.jpg,85,https://www.tcgplayer.com/product/683749/pokemon-japan-m4-ninja-spinner-mega-greninja-ex-098-083,2026-03-13T13:39:05.257,1,False,,Holofoil,12.75,17.0,45.0,13.09,
24653,M4: Ninja Spinner,m4,False,2026-03-13T00:00:00,2026-03-13T14:27:03.19,683750,Mega Floette ex - 099/083,Mega Floette ex 099 083,https://tcgplayer-cdn.tcgplayer.com/product/683750_200w.jpg,85,https://www.tcgplayer.com/product/683750/pokemon-japan-m4-ninja-spinner-mega-floette-ex-099-083,2026-03-13T13:39:05.333,1,False,,Holofoil,4.49,5.43,25.0,4.82,
24653,M4: Ninja Spinner,m4,False,2026-03-13T00:00:00,2026-03-13T14:27:03.19,683751,Gourgeist ex - 100/083,Gourgeist ex 100 083,https://tcgplayer-cdn.tcgplayer.com/product/683751_200w.jpg,85,https://www.tcgplayer.com/product/683751/pokemon-japan-m4-ninja-spinner-gourgeist-ex-100-083,2026-03-13T13:39:05.413,1,False,,Holofoil,2.0,2.4,18.5,2.3,
24653,M4: Ninja Spinner,m4,False,2026-03-13T00:00:00,2026-03-13T14:27:03.19,683752,Cobalion ex - 101/083,Cobalion ex 101 083,https://tcgplayer-cdn.tcgplayer.com/product/683752_200w.jpg,85,https://www.tcgplayer.com/product/683752/pokemon-japan-m4-ninja-spinner-cobalion-ex-101-083,2026-03-13T13:39:05.48,1,False,,Holofoil,3.0,3.93,15.0,3.53,
24653,M4: Ninja Spinner,m4,False,2026-03-13T00:00:00,2026-03-13T14:27:03.19,683753,Mega Dragalge ex - 102/083,Mega Dragalge ex 102 083,https://tcgplayer-cdn.tcgplayer.com/product/683753_200w.jpg,85,https://www.tcgplayer.com/product/683753/pokemon-japan-m4-ninja-spinner-mega-dragalge-ex-102-083,2026-03-13T13:39:05.56,1,False,,Holofoil,2.85,4.79,17.0,4.34,
24653,M4: Ninja Spinner,m4,False,2026-03-13T00:00:00,2026-03-13T14:27:03.19,683754,Cinccino ex - 103/083,Cinccino ex 103 083,https://tcgplayer-cdn.tcgplayer.com/product/683754_200w.jpg,85,https://www.tcgplayer.com/product/683754/pokemon-japan-m4-ninja-spinner-cinccino-ex-103-083,2026-03-13T13:39:05.623,1,False,,Holofoil,5.7,7.49,12.5,5.7,
24653,M4: Ninja Spinner,m4,False,2026-03-13T00:00:00,2026-03-13T14:27:03.19,683755,Energy Retrieval,Energy Retrieval,https://tcgplayer-cdn.tcgplayer.com/product/683755_200w.jpg,85,https://www.tcgplayer.com/product/683755/pokemon-japan-m4-ninja-spinner-energy-retrieval,2026-03-13T13:39:05.683,1,False,,Holofoil,0.49,0.99,5.0,0.71,
24653,M4: Ninja Spinner,m4,False,2026-03-13T00:00:00,2026-03-13T14:27:03.19,683756,Jumbo Ice Cream,Jumbo Ice Cream,https://tcgplayer-cdn.tcgplayer.com/product/683756_200w.jpg,85,https://www.tcgplayer.com/product/683756/pokemon-japan-m4-ninja-spinner-jumbo-ice-cream,2026-03-13T13:39:05.763,1,False,,Holofoil,1.98,2.31,4.21,2.27,
24653,M4: Ninja Spinner,m4,False,2026-03-13T00:00:00,2026-03-13T14:27:03.19,683757,Special Red Card - 106/083,Special Red Card 106 083,https://tcgplayer-cdn.tcgplayer.com/product/683757_200w.jpg,85,https://www.tcgplayer.com/product/683757/pokemon-japan-m4-ninja-spinner-special-red-card-106-083,2026-03-13T13:39:05.84,1,False,,Holofoil,0.25,1.0,4.0,0.87,
24653,M4: Ninja Spinner,m4,False,2026-03-13T00:00:00,2026-03-13T14:27:03.19,683758,Tool Scrapper,Tool Scrapper,https://tcgplayer-cdn.tcgplayer.com/product/683758_200w.jpg,85,https://www.tcgplayer.com/product/683758/pokemon-japan-m4-ninja-spinner-tool-scrapper,2026-03-13T13:39:05.907,1,False,,Holofoil,0.47,1.0,5.0,0.62,
24653,M4: Ninja Spinner,m4,False,2026-03-13T00:00:00,2026-03-13T14:27:03.19,683759,AZ's Tranquility - 108/083,AZs Tranquility 108 083,https://tcgplayer-cdn.tcgplayer.com/product/683759_200w.jpg,85,https://www.tcgplayer.com/product/683759/pokemon-japan-m4-ninja-spinner-azs-tranquility-108-083,2026-03-13T13:39:05.977,1,False,,Holofoil,1.9,2.45,20.0,2.12,
24653,M4: Ninja Spinner,m4,False,2026-03-13T00:00:00,2026-03-13T14:27:03.19,683760,Philippe - 109/083,Philippe 109 083,https://tcgplayer-cdn.tcgplayer.com/product/683760_200w.jpg,85,https://www.tcgplayer.com/product/683760/pokemon-japan-m4-ninja-spinner-philippe-109-083,2026-03-13T13:39:06.04,1,False,,Holofoil,2.0,2.49,21.79,2.14,
24653,M4: Ninja Spinner,m4,False,2026-03-13T00:00:00,2026-03-13T14:27:03.19,683761,Roxie's Performance - 110/083,Roxies Performance 110 083,https://tcgplayer-cdn.tcgplayer.com/product/683761_200w.jpg,85,https://www.tcgplayer.com/product/683761/pokemon-japan-m4-ninja-spinner-roxies-performance-110-083,2026-03-13T13:39:06.12,1,False,,Holofoil,3.5,5.04,19.95,4.79,
24653,M4: Ninja Spinner,m4,False,2026-03-13T00:00:00,2026-03-13T14:27:03.19,683762,Emma - 111/083,Emma 111 083,https://tcgplayer-cdn.tcgplayer.com/product/683762_200w.jpg,85,https://www.tcgplayer.com/product/683762/pokemon-japan-m4-ninja-spinner-emma-111-083,2026-03-13T13:39:06.18,1,False,,Holofoil,3.0,6.15,17.0,4.13,
24653,M4: Ninja Spinner,m4,False,2026-03-13T00:00:00,2026-03-13T14:27:03.19,683763,Surfing Beach,Surfing Beach,https://tcgplayer-cdn.tcgplayer.com/product/683763_200w.jpg,85,https://www.tcgplayer.com/product/683763/pokemon-japan-m4-ninja-spinner-surfing-beach,2026-03-13T13:39:06.26,1,False,,Holofoil,2.0,2.79,10.0,2.74,
24653,M4: Ninja Spinner,m4,False,2026-03-13T00:00:00,2026-03-13T14:27:03.19,683764,Prism Tower - 113/083,Prism Tower 113 083,https://tcgplayer-cdn.tcgplayer.com/product/683764_200w.jpg,85,https://www.tcgplayer.com/product/683764/pokemon-japan-m4-ninja-spinner-prism-tower-113-083,2026-03-13T13:39:06.32,1,False,,Holofoil,0.8,1.48,5.0,1.14,
24653,M4: Ninja Spinner,m4,False,2026-03-13T00:00:00,2026-03-13T14:27:03.19,683765,Mega Greninja ex - 114/083,Mega Greninja ex 114 083,https://tcgplayer-cdn.tcgplayer.com/product/683765_200w.jpg,85,https://www.tcgplayer.com/product/683765/pokemon-japan-m4-ninja-spinner-mega-greninja-ex-114-083,2026-03-13T13:39:06.41,1,False,,Holofoil,249.99,280.23,2850.57,316.73,
24653,M4: Ninja Spinner,m4,False,2026-03-13T00:00:00,2026-03-13T14:27:03.19,683766,Mega Floette ex - 115/083,Mega Floette ex 115 083,https://tcgplayer-cdn.tcgplayer.com/product/683766_200w.jpg,85,https://www.tcgplayer.com/product/683766/pokemon-japan-m4-ninja-spinner-mega-floette-ex-115-083,2026-03-13T13:39:06.483,1,False,,Holofoil,16.46,25.24,38.0,19.28,
24653,M4: Ninja Spinner,m4,False,2026-03-13T00:00:00,2026-03-13T14:27:03.19,683767,Mega Dragalge ex - 116/083,Mega Dragalge ex 116 083,https://tcgplayer-cdn.tcgplayer.com/product/683767_200w.jpg,85,https://www.tcgplayer.com/product/683767/pokemon-japan-m4-ninja-spinner-mega-dragalge-ex-116-083,2026-03-13T13:39:06.553,1,False,,Holofoil,19.99,28.41,49.0,27.09,
24653,M4: Ninja Spinner,m4,False,2026-03-13T00:00:00,2026-03-13T14:27:03.19,683768,Cinccino ex - 117/083,Cinccino ex 117 083,https://tcgplayer-cdn.tcgplayer.com/product/683768_200w.jpg,85,https://www.tcgplayer.com/product/683768/pokemon-japan-m4-ninja-spinner-cinccino-ex-117-083,2026-03-13T13:39:06.633,1,False,,Holofoil,41.49,49.98,59.0,48.91,
24653,M4: Ninja Spinner,m4,False,2026-03-13T00:00:00,2026-03-13T14:27:03.19,683769,AZ's Tranquility - 118/083,AZs Tranquility 118 083,https://tcgplayer-cdn.tcgplayer.com/product/683769_200w.jpg,85,https://www.tcgplayer.com/product/683769/pokemon-japan-m4-ninja-spinner-azs-tranquility-118-083,2026-03-13T13:39:06.697,1,False,,Holofoil,14.0,18.99,59.0,16.95,
24653,M4: Ninja Spinner,m4,False,2026-03-13T00:00:00,2026-03-13T14:27:03.19,683770,Roxie's Performance - 119/083,Roxies Performance 119 083,https://tcgplayer-cdn.tcgplayer.com/product/683770_200w.jpg,85,https://www.tcgplayer.com/product/683770/pokemon-japan-m4-ninja-spinner-roxies-performance-119-083,2026-03-13T13:39:06.79,1,False,,Holofoil,11.5,14.76,65.68,11.9,
24653,M4: Ninja Spinner,m4,False,2026-03-13T00:00:00,2026-03-13T14:27:03.19,683771,Mega Greninja ex - 120/083,Mega Greninja ex 120 083,https://tcgplayer-cdn.tcgplayer.com/product/683771_200w.jpg,85,https://www.tcgplayer.com/product/683771/pokemon-japan-m4-ninja-spinner-mega-greninja-ex-120-083,2026-03-13T13:39:06.867,1,False,,Holofoil,440.0,477.36,660.0,489.53,
24653,M4: Ninja Spinner,m4,False,2026-03-13T00:00:00,2026-03-13T14:27:03.19,683774,Ninja Spinner Booster Box,Ninja Spinner Booster Box,https://tcgplayer-cdn.tcgplayer.com/product/683774_200w.jpg,85,https://www.tcgplayer.com/product/683774/pokemon-japan-m4-ninja-spinner-ninja-spinner-booster-box,2026-03-13T13:31:28.113,1,False,,Normal,75.0,108.72,150.0,85.08,
24653,M4: Ninja Spinner,m4,False,2026-03-13T00:00:00,2026-03-13T14:27:03.19,683776,Ninja Spinner Booster Pack,Ninja Spinner Booster Pack,https://tcgplayer-cdn.tcgplayer.com/product/683776_200w.jpg,85,https://www.tcgplayer.com/product/683776/pokemon-japan-m4-ninja-spinner-ninja-spinner-booster-pack,2026-03-13T13:34:28.47,1,False,,Normal,2.2,3.25,4.5,2.25,
