name,price,price_text,image_url,card_url,card_id
SP 存在のなくなる日,780,780 円,https://card.yuyu-tei.jp/ws/front/dc/10025.jpg,https://yuyu-tei.jp/sell/ws/card/dc/10025,10025
SP 伝わる温もり,980,980 円,https://card.yuyu-tei.jp/ws/front/dc/10052.jpg,https://yuyu-tei.jp/sell/ws/card/dc/10052,10052
SP 迷子の夢,500,500 円,https://card.yuyu-tei.jp/ws/front/dc/10079.jpg,https://yuyu-tei.jp/sell/ws/card/dc/10079,10079
SP もう、忘れない,980,980 円,https://card.yuyu-tei.jp/ws/front/dc/10107.jpg,https://yuyu-tei.jp/sell/ws/card/dc/10107,10107
RRR 由夢&amp;音姫,320,320 円,https://card.yuyu-tei.jp/ws/front/dc/10007.jpg,https://yuyu-tei.jp/sell/ws/card/dc/10007,10007
RRR 月島 小恋,500,500 円,https://card.yuyu-tei.jp/ws/front/dc/10033.jpg,https://yuyu-tei.jp/sell/ws/card/dc/10033,10033
RRR 朝倉 音夢,320,320 円,https://card.yuyu-tei.jp/ws/front/dc/10061.jpg,https://yuyu-tei.jp/sell/ws/card/dc/10061,10061
RRR 美夏&amp;麻耶,320,320 円,https://card.yuyu-tei.jp/ws/front/dc/10088.jpg,https://yuyu-tei.jp/sell/ws/card/dc/10088,10088
RR 学園長のさくら,120,120 円,https://card.yuyu-tei.jp/ws/front/dc/10001.jpg,https://yuyu-tei.jp/sell/ws/card/dc/10001,10001
RR 朝倉 音姫,120,120 円,https://card.yuyu-tei.jp/ws/front/dc/10002.jpg,https://yuyu-tei.jp/sell/ws/card/dc/10002,10002
RR 晴れ着のななか,120,120 円,https://card.yuyu-tei.jp/ws/front/dc/10028.jpg,https://yuyu-tei.jp/sell/ws/card/dc/10028,10028
RR 晴れ着の小恋,420,420 円,https://card.yuyu-tei.jp/ws/front/dc/10029.jpg,https://yuyu-tei.jp/sell/ws/card/dc/10029,10029
RR ゴキゲンな由夢,220,220 円,https://card.yuyu-tei.jp/ws/front/dc/10055.jpg,https://yuyu-tei.jp/sell/ws/card/dc/10055,10055
RR お手製弁当を持つ音夢と由夢,120,120 円,https://card.yuyu-tei.jp/ws/front/dc/10056.jpg,https://yuyu-tei.jp/sell/ws/card/dc/10056,10056
RR 水越 萌,180,180 円,https://card.yuyu-tei.jp/ws/front/dc/10082.jpg,https://yuyu-tei.jp/sell/ws/card/dc/10082,10082
RR 水越 眞子,120,120 円,https://card.yuyu-tei.jp/ws/front/dc/10083.jpg,https://yuyu-tei.jp/sell/ws/card/dc/10083,10083
R 音夢&amp;さくら,120,120 円,https://card.yuyu-tei.jp/ws/front/dc/10003.jpg,https://yuyu-tei.jp/sell/ws/card/dc/10003,10003
R 霧羽 明日美,180,180 円,https://card.yuyu-tei.jp/ws/front/dc/10004.jpg,https://yuyu-tei.jp/sell/ws/card/dc/10004,10004
R 鷺澤 頼子,220,220 円,https://card.yuyu-tei.jp/ws/front/dc/10005.jpg,https://yuyu-tei.jp/sell/ws/card/dc/10005,10005
R 由夢&amp;音姫,120,120 円,https://card.yuyu-tei.jp/ws/front/dc/10006.jpg,https://yuyu-tei.jp/sell/ws/card/dc/10006,10006
R 記憶消去,180,180 円,https://card.yuyu-tei.jp/ws/front/dc/10019.jpg,https://yuyu-tei.jp/sell/ws/card/dc/10019,10019
R 胡ノ宮 環,80,80 円,https://card.yuyu-tei.jp/ws/front/dc/10030.jpg,https://yuyu-tei.jp/sell/ws/card/dc/10030,10030
R パジャマの茜,120,120 円,https://card.yuyu-tei.jp/ws/front/dc/10031.jpg,https://yuyu-tei.jp/sell/ws/card/dc/10031,10031
R 月島 小恋,120,120 円,https://card.yuyu-tei.jp/ws/front/dc/10032.jpg,https://yuyu-tei.jp/sell/ws/card/dc/10032,10032
R 学園のアイドル ことり,80,80 円,https://card.yuyu-tei.jp/ws/front/dc/10034.jpg,https://yuyu-tei.jp/sell/ws/card/dc/10034,10034
R 耳かき,80,80 円,https://card.yuyu-tei.jp/ws/front/dc/10046.jpg,https://yuyu-tei.jp/sell/ws/card/dc/10046,10046
R 天枷 美春,180,180 円,https://card.yuyu-tei.jp/ws/front/dc/10057.jpg,https://yuyu-tei.jp/sell/ws/card/dc/10057,10057
R Yシャツの美夏,120,120 円,https://card.yuyu-tei.jp/ws/front/dc/10058.jpg,https://yuyu-tei.jp/sell/ws/card/dc/10058,10058
R 漫画家のななこ,80,80 円,https://card.yuyu-tei.jp/ws/front/dc/10059.jpg,https://yuyu-tei.jp/sell/ws/card/dc/10059,10059
R 朝倉 音夢,120,120 円,https://card.yuyu-tei.jp/ws/front/dc/10060.jpg,https://yuyu-tei.jp/sell/ws/card/dc/10060,10060
R 美夏、覚醒!,80,80 円,https://card.yuyu-tei.jp/ws/front/dc/10073.jpg,https://yuyu-tei.jp/sell/ws/card/dc/10073,10073
R 高坂 まゆき,320,320 円,https://card.yuyu-tei.jp/ws/front/dc/10084.jpg,https://yuyu-tei.jp/sell/ws/card/dc/10084,10084
R 雪村 杏,180,180 円,https://card.yuyu-tei.jp/ws/front/dc/10085.jpg,https://yuyu-tei.jp/sell/ws/card/dc/10085,10085
R ピロスを抱くアリス,80,80 円,https://card.yuyu-tei.jp/ws/front/dc/10086.jpg,https://yuyu-tei.jp/sell/ws/card/dc/10086,10086
R 美夏&amp;麻耶,180,180 円,https://card.yuyu-tei.jp/ws/front/dc/10087.jpg,https://yuyu-tei.jp/sell/ws/card/dc/10087,10087
R ホラーは苦手,320,320 円,https://card.yuyu-tei.jp/ws/front/dc/10100.jpg,https://yuyu-tei.jp/sell/ws/card/dc/10100,10100
U 鷺澤 美咲,50,50 円,https://card.yuyu-tei.jp/ws/front/dc/10008.jpg,https://yuyu-tei.jp/sell/ws/card/dc/10008,10008
U 簡易スーツの和泉子,180,180 円,https://card.yuyu-tei.jp/ws/front/dc/10009.jpg,https://yuyu-tei.jp/sell/ws/card/dc/10009,10009
U 桜内 義之,80,80 円,https://card.yuyu-tei.jp/ws/front/dc/10010.jpg,https://yuyu-tei.jp/sell/ws/card/dc/10010,10010
U 巫女装束の音姫,50,50 円,https://card.yuyu-tei.jp/ws/front/dc/10011.jpg,https://yuyu-tei.jp/sell/ws/card/dc/10011,10011
U 水着のさくら,80,80 円,https://card.yuyu-tei.jp/ws/front/dc/10012.jpg,https://yuyu-tei.jp/sell/ws/card/dc/10012,10012
U 決意,80,80 円,https://card.yuyu-tei.jp/ws/front/dc/10020.jpg,https://yuyu-tei.jp/sell/ws/card/dc/10020,10020
U ネコ耳メイドさん,50,50 円,https://card.yuyu-tei.jp/ws/front/dc/10021.jpg,https://yuyu-tei.jp/sell/ws/card/dc/10021,10021
U 工藤 叶,50,50 円,https://card.yuyu-tei.jp/ws/front/dc/10035.jpg,https://yuyu-tei.jp/sell/ws/card/dc/10035,10035
U みっくん&amp;ともちゃん,80,80 円,https://card.yuyu-tei.jp/ws/front/dc/10036.jpg,https://yuyu-tei.jp/sell/ws/card/dc/10036,10036
U スキーウェアのななか,50,50 円,https://card.yuyu-tei.jp/ws/front/dc/10037.jpg,https://yuyu-tei.jp/sell/ws/card/dc/10037,10037
U 朝倉 純一,50,50 円,https://card.yuyu-tei.jp/ws/front/dc/10038.jpg,https://yuyu-tei.jp/sell/ws/card/dc/10038,10038
U 私服のことり,120,120 円,https://card.yuyu-tei.jp/ws/front/dc/10039.jpg,https://yuyu-tei.jp/sell/ws/card/dc/10039,10039
U ミス風見学園コンテスト,50,50 円,https://card.yuyu-tei.jp/ws/front/dc/10047.jpg,https://yuyu-tei.jp/sell/ws/card/dc/10047,10047
U 仲間と大切な人に,50,50 円,https://card.yuyu-tei.jp/ws/front/dc/10048.jpg,https://yuyu-tei.jp/sell/ws/card/dc/10048,10048
U 彩珠 ななこ,50,50 円,https://card.yuyu-tei.jp/ws/front/dc/10062.jpg,https://yuyu-tei.jp/sell/ws/card/dc/10062,10062
U 白河 暦,50,50 円,https://card.yuyu-tei.jp/ws/front/dc/10063.jpg,https://yuyu-tei.jp/sell/ws/card/dc/10063,10063
U ロボ美春,50,50 円,https://card.yuyu-tei.jp/ws/front/dc/10064.jpg,https://yuyu-tei.jp/sell/ws/card/dc/10064,10064
U 美春&amp;音夢,50,50 円,https://card.yuyu-tei.jp/ws/front/dc/10065.jpg,https://yuyu-tei.jp/sell/ws/card/dc/10065,10065
U 水越 舞佳,50,50 円,https://card.yuyu-tei.jp/ws/front/dc/10066.jpg,https://yuyu-tei.jp/sell/ws/card/dc/10066,10066
U かけがえのない仲間,180,180 円,https://card.yuyu-tei.jp/ws/front/dc/10074.jpg,https://yuyu-tei.jp/sell/ws/card/dc/10074,10074
U 見事なカウンター,50,50 円,https://card.yuyu-tei.jp/ws/front/dc/10075.jpg,https://yuyu-tei.jp/sell/ws/card/dc/10075,10075
U 八木ブリッヂ長官,80,80 円,https://card.yuyu-tei.jp/ws/front/dc/10089.jpg,https://yuyu-tei.jp/sell/ws/card/dc/10089,10089
U 瀬場,50,50 円,https://card.yuyu-tei.jp/ws/front/dc/10090.jpg,https://yuyu-tei.jp/sell/ws/card/dc/10090,10090
U 杉並,320,320 円,https://card.yuyu-tei.jp/ws/front/dc/10091.jpg,https://yuyu-tei.jp/sell/ws/card/dc/10091,10091
U 沢井 麻耶,50,50 円,https://card.yuyu-tei.jp/ws/front/dc/10092.jpg,https://yuyu-tei.jp/sell/ws/card/dc/10092,10092
U 美夏&amp;杏&amp;小恋,50,50 円,https://card.yuyu-tei.jp/ws/front/dc/10093.jpg,https://yuyu-tei.jp/sell/ws/card/dc/10093,10093
U 人形劇,50,50 円,https://card.yuyu-tei.jp/ws/front/dc/10101.jpg,https://yuyu-tei.jp/sell/ws/card/dc/10101,10101
U 木琴占い,680,680 円,https://card.yuyu-tei.jp/ws/front/dc/10102.jpg,https://yuyu-tei.jp/sell/ws/card/dc/10102,10102
C うたまる,30,30 円,https://card.yuyu-tei.jp/ws/front/dc/10013.jpg,https://yuyu-tei.jp/sell/ws/card/dc/10013,10013
C はりまお,30,30 円,https://card.yuyu-tei.jp/ws/front/dc/10014.jpg,https://yuyu-tei.jp/sell/ws/card/dc/10014,10014
C 紫 和泉子,30,30 円,https://card.yuyu-tei.jp/ws/front/dc/10015.jpg,https://yuyu-tei.jp/sell/ws/card/dc/10015,10015
C 芳乃 さくら,30,30 円,https://card.yuyu-tei.jp/ws/front/dc/10016.jpg,https://yuyu-tei.jp/sell/ws/card/dc/10016,10016
C 霧羽 香澄,30,30 円,https://card.yuyu-tei.jp/ws/front/dc/10017.jpg,https://yuyu-tei.jp/sell/ws/card/dc/10017,10017
C 才色兼備の生徒会長 音姫,30,30 円,https://card.yuyu-tei.jp/ws/front/dc/10018.jpg,https://yuyu-tei.jp/sell/ws/card/dc/10018,10018
C 着ぐるみの中の人,30,30 円,https://card.yuyu-tei.jp/ws/front/dc/10022.jpg,https://yuyu-tei.jp/sell/ws/card/dc/10022,10022
C 朝倉姉妹のお料理,30,30 円,https://card.yuyu-tei.jp/ws/front/dc/10023.jpg,https://yuyu-tei.jp/sell/ws/card/dc/10023,10023
C 板橋 渉,30,30 円,https://card.yuyu-tei.jp/ws/front/dc/10040.jpg,https://yuyu-tei.jp/sell/ws/card/dc/10040,10040
C 花咲 茜,30,30 円,https://card.yuyu-tei.jp/ws/front/dc/10041.jpg,https://yuyu-tei.jp/sell/ws/card/dc/10041,10041
C 学生服の工藤,30,30 円,https://card.yuyu-tei.jp/ws/front/dc/10042.jpg,https://yuyu-tei.jp/sell/ws/card/dc/10042,10042
C 雪月花三人娘,30,30 円,https://card.yuyu-tei.jp/ws/front/dc/10043.jpg,https://yuyu-tei.jp/sell/ws/card/dc/10043,10043
C 小恋&amp;ななか,30,30 円,https://card.yuyu-tei.jp/ws/front/dc/10044.jpg,https://yuyu-tei.jp/sell/ws/card/dc/10044,10044
C 大和撫子 環,30,30 円,https://card.yuyu-tei.jp/ws/front/dc/10045.jpg,https://yuyu-tei.jp/sell/ws/card/dc/10045,10045
C 音夢のお弁当,30,30 円,https://card.yuyu-tei.jp/ws/front/dc/10049.jpg,https://yuyu-tei.jp/sell/ws/card/dc/10049,10049
C 転入生,30,30 円,https://card.yuyu-tei.jp/ws/front/dc/10050.jpg,https://yuyu-tei.jp/sell/ws/card/dc/10050,10050
C μ(ミュー),120,120 円,https://card.yuyu-tei.jp/ws/front/dc/10067.jpg,https://yuyu-tei.jp/sell/ws/card/dc/10067,10067
C HM-A06型 ミナツ,30,30 円,https://card.yuyu-tei.jp/ws/front/dc/10068.jpg,https://yuyu-tei.jp/sell/ws/card/dc/10068,10068
C 浴衣の音夢,30,30 円,https://card.yuyu-tei.jp/ws/front/dc/10069.jpg,https://yuyu-tei.jp/sell/ws/card/dc/10069,10069
C 体操着の由夢,50,50 円,https://card.yuyu-tei.jp/ws/front/dc/10070.jpg,https://yuyu-tei.jp/sell/ws/card/dc/10070,10070
C ゆず&amp;慎,50,50 円,https://card.yuyu-tei.jp/ws/front/dc/10071.jpg,https://yuyu-tei.jp/sell/ws/card/dc/10071,10071
C パジャマの由夢,50,50 円,https://card.yuyu-tei.jp/ws/front/dc/10072.jpg,https://yuyu-tei.jp/sell/ws/card/dc/10072,10072
C ななことヤギ,30,30 円,https://card.yuyu-tei.jp/ws/front/dc/10076.jpg,https://yuyu-tei.jp/sell/ws/card/dc/10076,10076
C バナナパフェ,780,780 円,https://card.yuyu-tei.jp/ws/front/dc/10077.jpg,https://yuyu-tei.jp/sell/ws/card/dc/10077,10077
C 月城 アリス,30,30 円,https://card.yuyu-tei.jp/ws/front/dc/10094.jpg,https://yuyu-tei.jp/sell/ws/card/dc/10094,10094
C 音楽部の眞子,30,30 円,https://card.yuyu-tei.jp/ws/front/dc/10095.jpg,https://yuyu-tei.jp/sell/ws/card/dc/10095,10095
C 眞子&amp;萌,30,30 円,https://card.yuyu-tei.jp/ws/front/dc/10096.jpg,https://yuyu-tei.jp/sell/ws/card/dc/10096,10096
C 非公式新聞部 杉並,220,220 円,https://card.yuyu-tei.jp/ws/front/dc/10097.jpg,https://yuyu-tei.jp/sell/ws/card/dc/10097,10097
C 水着の杏,500,500 円,https://card.yuyu-tei.jp/ws/front/dc/10098.jpg,https://yuyu-tei.jp/sell/ws/card/dc/10098,10098
C おねむな萌,30,30 円,https://card.yuyu-tei.jp/ws/front/dc/10099.jpg,https://yuyu-tei.jp/sell/ws/card/dc/10099,10099
C 集合写真,30,30 円,https://card.yuyu-tei.jp/ws/front/dc/10103.jpg,https://yuyu-tei.jp/sell/ws/card/dc/10103,10103
C 個人指導,30,30 円,https://card.yuyu-tei.jp/ws/front/dc/10104.jpg,https://yuyu-tei.jp/sell/ws/card/dc/10104,10104
CR 存在のなくなる日,80,80 円,https://card.yuyu-tei.jp/ws/front/dc/10024.jpg,https://yuyu-tei.jp/sell/ws/card/dc/10024,10024
CR 伝わる温もり,180,180 円,https://card.yuyu-tei.jp/ws/front/dc/10051.jpg,https://yuyu-tei.jp/sell/ws/card/dc/10051,10051
CR 迷子の夢,80,80 円,https://card.yuyu-tei.jp/ws/front/dc/10078.jpg,https://yuyu-tei.jp/sell/ws/card/dc/10078,10078
CR アリスの願い,80,80 円,https://card.yuyu-tei.jp/ws/front/dc/10105.jpg,https://yuyu-tei.jp/sell/ws/card/dc/10105,10105
CC 魔法使いの見る夢,30,30 円,https://card.yuyu-tei.jp/ws/front/dc/10026.jpg,https://yuyu-tei.jp/sell/ws/card/dc/10026,10026
CC あたし……そろそろ行かなきゃ……,30,30 円,https://card.yuyu-tei.jp/ws/front/dc/10027.jpg,https://yuyu-tei.jp/sell/ws/card/dc/10027,10027
CC 結婚式の歌姫,30,30 円,https://card.yuyu-tei.jp/ws/front/dc/10053.jpg,https://yuyu-tei.jp/sell/ws/card/dc/10053,10053
CC わたくしの大切な人のために……,30,30 円,https://card.yuyu-tei.jp/ws/front/dc/10054.jpg,https://yuyu-tei.jp/sell/ws/card/dc/10054,10054
CC 美春のオルゴール,80,80 円,https://card.yuyu-tei.jp/ws/front/dc/10080.jpg,https://yuyu-tei.jp/sell/ws/card/dc/10080,10080
CC おかえりなさい,120,120 円,https://card.yuyu-tei.jp/ws/front/dc/10081.jpg,https://yuyu-tei.jp/sell/ws/card/dc/10081,10081
CC もう、忘れない,120,120 円,https://card.yuyu-tei.jp/ws/front/dc/10106.jpg,https://yuyu-tei.jp/sell/ws/card/dc/10106,10106
CC 思い出の……品なんです,30,30 円,https://card.yuyu-tei.jp/ws/front/dc/10108.jpg,https://yuyu-tei.jp/sell/ws/card/dc/10108,10108
TD 胡ノ宮 環,50,50 円,https://card.yuyu-tei.jp/ws/front/dc/10145.jpg,https://yuyu-tei.jp/sell/ws/card/dc/10145,10145
TD 私服のことり,120,120 円,https://card.yuyu-tei.jp/ws/front/dc/10146.jpg,https://yuyu-tei.jp/sell/ws/card/dc/10146,10146
TD ミス風見学園コンテスト,50,50 円,https://card.yuyu-tei.jp/ws/front/dc/10147.jpg,https://yuyu-tei.jp/sell/ws/card/dc/10147,10147
TD 花咲 茜,30,30 円,https://card.yuyu-tei.jp/ws/front/dc/10148.jpg,https://yuyu-tei.jp/sell/ws/card/dc/10148,10148
TD 小恋&amp;ななか,30,30 円,https://card.yuyu-tei.jp/ws/front/dc/10149.jpg,https://yuyu-tei.jp/sell/ws/card/dc/10149,10149
TD 結婚式の歌姫,30,30 円,https://card.yuyu-tei.jp/ws/front/dc/10150.jpg,https://yuyu-tei.jp/sell/ws/card/dc/10150,10150
TD 漫画家のななこ,50,50 円,https://card.yuyu-tei.jp/ws/front/dc/10151.jpg,https://yuyu-tei.jp/sell/ws/card/dc/10151,10151
TD 彩珠 ななこ,50,50 円,https://card.yuyu-tei.jp/ws/front/dc/10152.jpg,https://yuyu-tei.jp/sell/ws/card/dc/10152,10152
TD 白河 暦,50,50 円,https://card.yuyu-tei.jp/ws/front/dc/10153.jpg,https://yuyu-tei.jp/sell/ws/card/dc/10153,10153
TD ロボ美春,50,50 円,https://card.yuyu-tei.jp/ws/front/dc/10154.jpg,https://yuyu-tei.jp/sell/ws/card/dc/10154,10154
TD 美春&amp;音夢,50,50 円,https://card.yuyu-tei.jp/ws/front/dc/10155.jpg,https://yuyu-tei.jp/sell/ws/card/dc/10155,10155
TD かけがえのない仲間,180,180 円,https://card.yuyu-tei.jp/ws/front/dc/10156.jpg,https://yuyu-tei.jp/sell/ws/card/dc/10156,10156
TD HM-A06型 ミナツ,50,50 円,https://card.yuyu-tei.jp/ws/front/dc/10157.jpg,https://yuyu-tei.jp/sell/ws/card/dc/10157,10157
TD 浴衣の音夢,30,30 円,https://card.yuyu-tei.jp/ws/front/dc/10158.jpg,https://yuyu-tei.jp/sell/ws/card/dc/10158,10158
TD 体操着の由夢,50,50 円,https://card.yuyu-tei.jp/ws/front/dc/10159.jpg,https://yuyu-tei.jp/sell/ws/card/dc/10159,10159
TD ゆず&amp;慎,50,50 円,https://card.yuyu-tei.jp/ws/front/dc/10160.jpg,https://yuyu-tei.jp/sell/ws/card/dc/10160,10160
TD パジャマの由夢,80,80 円,https://card.yuyu-tei.jp/ws/front/dc/10161.jpg,https://yuyu-tei.jp/sell/ws/card/dc/10161,10161
TD ななことヤギ,30,30 円,https://card.yuyu-tei.jp/ws/front/dc/10162.jpg,https://yuyu-tei.jp/sell/ws/card/dc/10162,10162
TD 美春のオルゴール,120,120 円,https://card.yuyu-tei.jp/ws/front/dc/10163.jpg,https://yuyu-tei.jp/sell/ws/card/dc/10163,10163
TD おかえりなさい,120,120 円,https://card.yuyu-tei.jp/ws/front/dc/10164.jpg,https://yuyu-tei.jp/sell/ws/card/dc/10164,10164
S-TD 小恋&amp;ななか(ちのちもちサイン入り),2980,2980 円,https://card.yuyu-tei.jp/ws/front/dc/10219.jpg,https://yuyu-tei.jp/sell/ws/card/dc/10219,10219
S-TD 小恋&amp;ななか(立花あやサイン入り),4980,4980 円,https://card.yuyu-tei.jp/ws/front/dc/10237.jpg,https://yuyu-tei.jp/sell/ws/card/dc/10237,10237
S-TD 体操着の由夢(サイン入り),5980,5980 円,https://card.yuyu-tei.jp/ws/front/dc/10220.jpg,https://yuyu-tei.jp/sell/ws/card/dc/10220,10220
PR ディーラーの音姫,1280,1280 円,https://card.yuyu-tei.jp/ws/front/dc/10165.jpg,https://yuyu-tei.jp/sell/ws/card/dc/10165,10165
PR 夕暮れにたたずむ由夢(新フレームver.),320,320 円,https://card.yuyu-tei.jp/ws/front/dc/10166.jpg,https://yuyu-tei.jp/sell/ws/card/dc/10166,10166
PR 夕暮れにたたずむ由夢,320,320 円,https://card.yuyu-tei.jp/ws/front/dc/10167.jpg,https://yuyu-tei.jp/sell/ws/card/dc/10167,10167
PR 優等生の委員長 沢井麻耶,180,180 円,https://card.yuyu-tei.jp/ws/front/dc/10169.jpg,https://yuyu-tei.jp/sell/ws/card/dc/10169,10169
PR 登校する朝倉姉妹,120,120 円,https://card.yuyu-tei.jp/ws/front/dc/10170.jpg,https://yuyu-tei.jp/sell/ws/card/dc/10170,10170
PR BNNエージェント 美夏,220,220 円,https://card.yuyu-tei.jp/ws/front/dc/10171.jpg,https://yuyu-tei.jp/sell/ws/card/dc/10171,10171
PR かき氷を食べる音姫,120,120 円,https://card.yuyu-tei.jp/ws/front/dc/10172.jpg,https://yuyu-tei.jp/sell/ws/card/dc/10172,10172
PR 不安な幼なじみ小恋,120,120 円,https://card.yuyu-tei.jp/ws/front/dc/10173.jpg,https://yuyu-tei.jp/sell/ws/card/dc/10173,10173
PR メイド服の美夏,320,320 円,https://card.yuyu-tei.jp/ws/front/dc/10174.jpg,https://yuyu-tei.jp/sell/ws/card/dc/10174,10174
PR 不敵に微笑む杏,180,180 円,https://card.yuyu-tei.jp/ws/front/dc/10175.jpg,https://yuyu-tei.jp/sell/ws/card/dc/10175,10175
PR レッツ! ダ・カーポーカー!!,780,780 円,https://card.yuyu-tei.jp/ws/front/dc/10176.jpg,https://yuyu-tei.jp/sell/ws/card/dc/10176,10176
PR 特別留学生エリカ,180,180 円,https://card.yuyu-tei.jp/ws/front/dc/10177.jpg,https://yuyu-tei.jp/sell/ws/card/dc/10177,10177
PR 旅人アイシア,320,320 円,https://card.yuyu-tei.jp/ws/front/dc/10178.jpg,https://yuyu-tei.jp/sell/ws/card/dc/10178,10178
PR 付属1年生まひる,500,500 円,https://card.yuyu-tei.jp/ws/front/dc/10179.jpg,https://yuyu-tei.jp/sell/ws/card/dc/10179,10179
PR 恋する女の子 音姫,120,120 円,https://card.yuyu-tei.jp/ws/front/dc/10180.jpg,https://yuyu-tei.jp/sell/ws/card/dc/10180,10180
PR 才色兼備の生徒会長音姫,180,180 円,https://card.yuyu-tei.jp/ws/front/dc/10221.jpg,https://yuyu-tei.jp/sell/ws/card/dc/10221,10221
PR 不安な幼なじみ小恋,120,120 円,https://card.yuyu-tei.jp/ws/front/dc/10222.jpg,https://yuyu-tei.jp/sell/ws/card/dc/10222,10222
PR メイド服の音姫,500,500 円,https://card.yuyu-tei.jp/ws/front/dc/10123.jpg,https://yuyu-tei.jp/sell/ws/card/dc/10123,10123
PR 芳乃家の居候アイシア,180,180 円,https://card.yuyu-tei.jp/ws/front/dc/10223.jpg,https://yuyu-tei.jp/sell/ws/card/dc/10223,10223
PR たとえ好きな恋人まひる,180,180 円,https://card.yuyu-tei.jp/ws/front/dc/10224.jpg,https://yuyu-tei.jp/sell/ws/card/dc/10224,10224
PR 夢じゃない,220,220 円,https://card.yuyu-tei.jp/ws/front/dc/10225.jpg,https://yuyu-tei.jp/sell/ws/card/dc/10225,10225
PR 沢井美秋,120,120 円,https://card.yuyu-tei.jp/ws/front/dc/10226.jpg,https://yuyu-tei.jp/sell/ws/card/dc/10226,10226
PR デートを楽しむエリカ,320,320 円,https://card.yuyu-tei.jp/ws/front/dc/10227.jpg,https://yuyu-tei.jp/sell/ws/card/dc/10227,10227
PR バナナフッズエンド,120,120 円,https://card.yuyu-tei.jp/ws/front/dc/10228.jpg,https://yuyu-tei.jp/sell/ws/card/dc/10228,10228
PR 優等生の委員長沢井麻耶,120,120 円,https://card.yuyu-tei.jp/ws/front/dc/10229.jpg,https://yuyu-tei.jp/sell/ws/card/dc/10229,10229
PR 制服のキリエ,180,180 円,https://card.yuyu-tei.jp/ws/front/dc/10230.jpg,https://yuyu-tei.jp/sell/ws/card/dc/10230,10230
PR 制服のカイレイン,180,180 円,https://card.yuyu-tei.jp/ws/front/dc/10231.jpg,https://yuyu-tei.jp/sell/ws/card/dc/10231,10231
PR くつろぐカイレイン,320,320 円,https://card.yuyu-tei.jp/ws/front/dc/10232.jpg,https://yuyu-tei.jp/sell/ws/card/dc/10232,10232
PR 制服のミコト,180,180 円,https://card.yuyu-tei.jp/ws/front/dc/10233.jpg,https://yuyu-tei.jp/sell/ws/card/dc/10233,10233
PR 制服のエリス,180,180 円,https://card.yuyu-tei.jp/ws/front/dc/10234.jpg,https://yuyu-tei.jp/sell/ws/card/dc/10234,10234
PR 小さな幼なじみ小恋,120,120 円,https://card.yuyu-tei.jp/ws/front/dc/10235.jpg,https://yuyu-tei.jp/sell/ws/card/dc/10235,10235
PR 佇むアイシア,220,220 円,https://card.yuyu-tei.jp/ws/front/dc/10182.jpg,https://yuyu-tei.jp/sell/ws/card/dc/10182,10182
PR D.C.toVCRADIO,1480,1480 円,https://card.yuyu-tei.jp/ws/front/dc/10236.jpg,https://yuyu-tei.jp/sell/ws/card/dc/10236,10236
