categoryId,name,modifiedOn,displayName,seoCategoryName,categoryDescription,categoryPageTitle,sealedLabel,nonSealedLabel,conditionGuideUrl,isScannable,popularity,isDirect
1,Magic,2026-07-24T20:52:08.73,Magic: The Gathering,Magic the Gathering TCG (MTG),"Ignite your Planeswalker spark with Magic: The Gathering! Buy MTG singles, booster packs, Commander decks, and the latest sets from thousands of trusted sellers. Whether you're building your first deck or growing your collection, you'll find everything you need on TCGplayer.","TCGplayer - Buy Magic: The Gathering Cards, Singles, and Set",Sealed Products,Single Cards,https://store.tcgplayer.com/conditions/magic.aspx,True,7233794,True
2,YuGiOh,2026-07-24T17:23:24.18,YuGiOh,YuGiOh,"It's time to duel! Browse Yu-Gi-Oh singles, booster boxes, Structure Decks, and the latest sets from thousands of trusted sellers. Whether you're building your first deck or chasing tournament staples, you'll find everything you need on TCGplayer.","TCGplayer - Buy YuGiOh TCG Cards, Singles, and Set",Sealed Products,Single Cards,https://store.tcgplayer.com/help/yugiohconditions,True,1058057,True
3,Pokemon,2026-07-25T00:10:31.347,Pokemon,Pokemon,"Trainers, your Pokémon adventure starts here! Whether you're a champ in the making or trying to catch 'em all from the latest sets, browse and buy Pokémon cards, booster boxes, Elite Trainer Boxes, and card packs at the best prices from thousands of sellers.","TCGplayer - Buy Pokémon TCG Cards, Singles, and Pack",Sealed Products,Single Cards,https://store.tcgplayer.com/help/cardconditionguide,True,576635,True
4,Axis & Allies,2024-08-30T21:04:46.373,Axis & Allies,Axis & Allies,,,Sealed Products,Miniatures,https://store.tcgplayer.com/,False,0,False
5,Boardgames,2023-07-25T19:21:49.43,Boardgames,Boardgames,,,Sealed Products,Unopened Games,https://store.tcgplayer.com/,False,1,False
6,D & D Miniatures,2017-03-01T11:03:09.737,D & D Miniatures,D & D Miniatures,Bring your Dungeons & Dragons game to life with tactical miniatures depicting all the races and monsters of Faerûn and beyond! Shop thousands of sellers for the best prices on D&D miniatures.,TCGplayer - Buy D&D miniatures,Sealed Products,Miniatures,https://store.tcgplayer.com/,False,1668,False
7,Epic,2023-07-25T16:40:39.377,Epic,Epic,,,Sealed Products,Single Cards,https://store.tcgplayer.com/,False,0,False
8,Heroclix,2026-04-14T14:37:02.457,Heroclix,Heroclix,"Lead your favorite characters to victory in the #1 selling collectible miniatures game! Shop thousands of sellers for the best prices on HeroClix figures, booster bricks, and more.","TCGplayer - Buy HeroClix figures, booster bricks, and more",Sealed Products,Figures,https://store.tcgplayer.com/help/heroclixconditions,False,7808,False
9,Monsterpocalypse,2024-04-02T14:19:22.157,Monsterpocalypse,Monsterpocalypse,,,Sealed Products,Single Cards,https://store.tcgplayer.com/,False,0,False
10,Redakai,2024-03-20T17:13:05.317,Redakai,Redakai,,,Sealed Products,Single Cards,https://store.tcgplayer.com/help/cardconditionguide,False,660,False
11,Star Wars Miniatures,2018-08-02T18:53:18.143,Star Wars Miniatures,Star Wars Miniatures,,,Sealed Products,Miniatures,https://store.tcgplayer.com/,False,0,False
12,World of Warcraft Miniatures,2023-07-25T19:15:36.453,World of Warcraft Miniatures,World of Warcraft Miniatures,,,Sealed Products,Miniatures,https://store.tcgplayer.com/,False,0,False
13,WoW,2024-01-16T19:17:47.667,WoW,WoW,"Join the Alliance or the Horde and fight for the fate of Azeroth! Shop thousands of sellers for the best prices on World of Warcraft TCG cards, booster boxes, raid decks, and more.","TCGplayer - Buy World of Warcraft TCG cards, booster boxes, raid decks, and more",Sealed Products,Single Cards,https://store.tcgplayer.com/help/cardconditionguide,True,10983,False
14,Supplies,2024-08-30T18:15:34.427,Supplies,Supplies,,,Sealed Products,Products,https://store.tcgplayer.com/,False,2508,False
15,Organizers & Stores,2023-07-25T19:24:07.837,Organizers and Stores,Organizers and Stores,,,Sealed Products,Event Kits,https://store.tcgplayer.com/,False,6,False
16,Cardfight Vanguard,2026-07-21T19:13:17.753,Cardfight Vanguard,Cardfight Vanguard,"Prove you're the greatest cardfighter by powering up your vanguard and leading your units to victory! Buy Cardfight!! Vanguard cards, Starter and Trial Decks, booster boxes and more.","TCGplayer - Buy Cardfight!! Vanguard Cards, Singles, and Set",Sealed Products,Single Cards,https://store.tcgplayer.com/help/cardconditionguide,True,152631,False
17,Force of Will,2026-07-21T14:47:02.557,Force of Will,Force of Will,"Summon resonators, play chants, and join the fight with your J-Ruler in this exciting fantasy card game! Shop thousands of sellers for the best prices on Force of Will cards, booster boxes, starter decks, and more.","Shop tcgplayer for the best prices on Force of Will cards, booster boxes, starter decks, and more",Sealed Products,Single Cards,https://store.tcgplayer.com/help/cardconditionguide,True,51352,False
18,Dice Masters,2025-11-17T21:36:53.783,Dice Masters,Dice Masters,"Assemble the perfect team of heroes and villains from Marvel, DC, D&D, and other properties! Shop thousands of sellers for the best prices on Dice Masters cards, packs, and sets.","TCGplayer - Buy Dice Masters cards, packs, and set",Sealed Products,Card & Die,https://store.tcgplayer.com/help/cardconditionguide,False,4153,False
19,Future Card BuddyFight,2026-05-08T13:37:31.793,Future Card BuddyFight,Future Card BuddyFight,"Raise the flag! Call monsters, cast spells, equip items, and charge to victory side-by-side with your buddy. Shop thousands of sellers for the best prices on Future Card Buddyfight cards, booster boxes, Trial Decks, and more.","TCGplayer - Buy Future Card Buddyfight cards, booster boxes, Trial Decks, and more",Sealed Products,Single Cards,https://store.tcgplayer.com/help/cardconditionguide,True,13343,False
20,Weiss Schwarz,2026-07-24T19:23:10.55,Weiss Schwarz,Weiss Schwarz,"Take the stage and relive climactic moments with your favorite characters from anime, manga, and video games! Buy Weiss Schwarz cards and singles, booster boxes, and more.","TCGplayer - Buy Weiss Schwarz Cards, Singles, and Set",Sealed Products,Single Card ,https://store.tcgplayer.com/help/cardconditionguide,True,34495,False
21,My Little Pony,2025-04-10T19:05:08.553,My Little Pony,My Little Pony,"Draw on your Friends, Resources, and other cards to solve Problems and discover the magic of friendship! Shop thousands of sellers for the best prices this side of Canterlot on My Little Pony CCG cards, theme decks, and more.","TCGplayer - Buy My Little Pony CCG cards, theme decks, and more",Sealed Products,Single Card,https://store.tcgplayer.com/help/cardconditionguide,False,0,False
22,TCGplayer,2017-03-01T11:03:09.737,TCGplayer,TCGplayer,,,,,https://store.tcgplayer.com/,False,1,False
23,Dragon Ball Z TCG,2026-05-08T13:39:37.047,Dragon Ball Z TCG,Dragon Ball Z TCG,"Increase your power level to WAY over 9000 in the Dragon Ball Z TCG by Panini! Shop thousands of sellers for the best prices on Dragon Ball Z cards, booster boxes, starter decks, and more.","TCGplayer - Buy Dragon Ball Z cards, booster boxes, and starter deck",Sealed Products,Single Cards,https://store.tcgplayer.com/,True,7914,False
24,Final Fantasy TCG,2026-07-13T11:25:06.94,Final Fantasy TCG,Final Fantasy Trading Card Game,"Build your dream team of heroes, villains, and monsters from across every Final Fantasy universe! Shop thousands of sellers for the best prices on Final Fantasy TCG cards, booster boxes, starter sets, and more.","TCGplayer - Buy Final Fantasy TCG cards, booster boxes, starter sets, and more",Sealed Products,Single Cards,https://store.tcgplayer.com/,True,14646,False
25,UniVersus,2026-06-28T13:40:02.987,UniVersus,UniVersus,"Competitors from multiple universes face off one-on-one in the Universal Fighting System! Shop thousands of sellers for the best prices on UniVersus cards, booster boxes, deck boxes, and more.","TCGplayer - Buy UniVersus cards, booster boxes, deck boxes, and more",Sealed Products,Single Cards,https://store.tcgplayer.com/,True,2817,False
26,Star Wars Destiny,2026-07-01T19:56:37.7,Star Wars: Destiny,Star Wars: Destiny,"Gather a squad of iconic Star Wars characters and let the Force guide you to victory! Shop thousands of sellers for the best prices on Star Wars: Destiny cards, booster packs, and more.","TCGplayer - Buy Star Wars: Destiny cards, booster packs, and more",Sealed Products,Singles,https://store.tcgplayer.com/,True,13709,False
27,Dragon Ball Super CCG,2026-07-10T16:43:16.523,Dragon Ball Super: Masters,Dragon Ball Super Card Game: Masters,"Relive classic fights (and pick new ones) with characters from across Dragon Ball history! Buy Dragon Ball Super cards and singles, booster boxes, and more.","TCGplayer - Buy Dragon Ball Super TCG Cards, Singles, and Set",Sealed Products,Singles,https://store.tcgplayer.com/,True,9005,False
28,Dragoborne,2025-09-04T13:00:40.233,Dragoborne,Dragoborne,"Assail your opponent's forts and weild the power of the Dragolords! Shop thousands of sellers for the best prices on Dragoborne -Rise to Supremacy- cards, booster boxes, trial decks, and more.","TCGplayer - Buy Dragoborne -Rise to Supremacy- cards, booster boxes, and trial deck",Sealed Products,Singles,https://store.tcgplayer.com/,True,3373,False
29,Funko,2026-03-20T16:04:49.233,Funko,Funko,"Decorate your home and defend your workspace with your favorite characters from movies, comics, video games, and more. Shop thousands of sellers for the best prices on Funko Pop! vinyl figures.",TCGplayer - Buy Funko Pop! vinyl figures,Sealed Products,Non-Sealed Products,https://store.tcgplayer.com/,False,588,False
30,MetaX TCG,2023-06-16T15:40:06.027,MetaX TCG,MetaX TCG,"The MetaX system powers dynamic crossover battles between characters from Justice League, Batman, Attack on Titan, and more! Shop thousands of sellers for the best prices on MetaX cards, starter boxes, booster boxes, and more.","TCGplayer - Buy MetaX cards, starter boxes, booster boxes, and more",Sealed Products,Singles,https://store.tcgplayer.com/,True,581,False
31,Card Sleeves,2026-07-24T15:17:33.747,Card Sleeves,Card Sleeves,"Ready to show off your deck? Remember to bring protection—card sleeves keep your trading cards pristine as you shuffle and play. Shop thousands of sellers for the best prices on card sleeves by Dragon Shield, Ultra PRO, and other brands.","TCGplayer - Buy card sleeves by Dragon Shield, Ultra PRO, and other brands",Sealed Products,Non-Sealed Products,https://store.tcgplayer.com/,False,2262,False
32,Deck Boxes,2026-07-24T17:43:44.07,Deck Boxes,Deck Boxes,"Building a deck? You’ll need somewhere to put it. Shop thousands of sellers for the best prices on TCG deck boxes so you can keep your cards safe, organized, and ready to go at a moment's notice.","TCGplayer - Buy TCG deck boxes so you can keep your cards safe, organized, and ready to go at a moment's notice.",Sealed Products,Non-Sealed Products,https://store.tcgplayer.com/,False,1206,False
33,Card Storage Tins,2020-07-10T16:04:38.24,Card Storage Tins,Card Storage Tins,"Tins keep your trading cards safe and organized in a durable, attractive container. Shop thousands of sellers for the best prices on card storage tins that look as good as the cards they protect.",TCGplayer - Buy card storage tins that look as good as the cards they protect,Sealed Products,Non-Sealed Products,https://store.tcgplayer.com/,False,10,False
34,Life Counters,2026-07-20T13:07:59.28,Life Counters,Life Counters,Playing card games is hard enough without trying to hold a bunch of numbers in your head. Shop thousands of sellers for the best prices on life counters to track your life total and other game mechanics.,TCGplayer - Buy life counters to track your life total and other game mechanics,Sealed Products,Non-Sealed Products,https://store.tcgplayer.com/,False,38,False
35,Playmats,2026-07-24T15:26:05.11,Playmats,Playmats,"A quality playmat protects your trading cards, makes them easy to move, and gives you something pretty to look at when you’re losing. Shop thousands of sellers for the best prices on TCG playmats.",Shop TCGplayer for the best prices on TCG playmats,Sealed Products,Non-Sealed Products,https://store.tcgplayer.com/,False,419,False
36,Zombie World Order TCG,2023-04-07T16:12:49.893,Zombie World Order TCG,Zombie World Order TCG,"Use magic to summon and revive zombies so you can drown your opponent in a wave of the undead! Shop thousands of sellers for the best prices on Zombie World Order TCG cards, booster boxes, Special Packs, and more.","TCGplayer - Buy Zombie World Order TCG cards, booster boxes, Special Packs, and more",Sealed Products,Singles,https://store.tcgplayer.com/,True,28,False
37,The Caster Chronicles,2025-02-26T19:07:51.96,The Caster Chronicles,The Caster Chronicles TCG,"Your all-girls academy is run by ancient demons: time to play card games! Shop thousands of sellers for the best prices on The Caster Chronicles cards, starter decks, booster boxes, and more.","TCGplayer - Buy The Caster Chronicles cards, starter decks, booster boxes, and more",Sealed Products,Cards,https://store.tcgplayer.com/,True,1271,False
38,My Little Pony CCG,2025-09-29T12:57:34.893,My Little Pony CCG,My Little Pony CCG,"Draw on your Friends, Resources, and other cards to solve Problems and discover the magic of friendship! Shop thousands of sellers for the best prices this side of Canterlot on My Little Pony CCG cards, theme decks, and more.","TCGplayer - Buy My Little Pony CCG cards, theme decks, and more",Sealed Products,Cards,https://store.tcgplayer.com/,False,46,False
39,Warhammer Books,2024-12-02T19:52:27.237,Warhammer Books,Warhammer Books,,,Sealed Products,Non-Sealed Products,https://store.tcgplayer.com/,False,11,False
40,Warhammer Big Box Games,2023-03-12T17:13:41.473,Warhammer Big Box Games,Warhammer Big Box Games,,,Sealed Products,Non-Sealed Products,https://store.tcgplayer.com/,False,16,False
41,Warhammer Box Sets,2025-02-24T17:22:51.467,Warhammer Box Sets,Warhammer Box Sets,,,Sealed Products,Non-Sealed Products,https://store.tcgplayer.com/,False,145,False
42,Warhammer Clampacks,2023-02-24T18:54:18.963,Warhammer Clampacks,Warhammer Clampacks,,,Sealed Products,Non-Sealed Products,https://store.tcgplayer.com/,False,4,False
43,Citadel Paints,2022-11-09T21:44:44.333,Citadel Paints,Citadel Paints,,,Sealed Products,Non-Sealed Products,https://store.tcgplayer.com/,False,27,False
44,Citadel Tools,2023-02-27T20:34:32.157,Citadel Tools,Citadel Tools,,,Sealed Products,Non-Sealed Products,https://store.tcgplayer.com/,False,0,False
45,Warhammer Game Accessories,2025-01-28T15:20:02.2,Warhammer Game Accessories,Warhammer Game Accessories,,,Sealed Products,Non-Sealed Products,https://store.tcgplayer.com/,False,1,False
46,Books,2025-04-29T18:09:04.84,Books,Books,"Books: they're like the internet, but with fewer ads and trolls. Shop thousands of sellers for the best prices on books by Osprey Publishing.",TCGplayer - Buy books by Osprey Publishing,Sealed Products,Non-Sealed Products,https://store.tcgplayer.com/,False,1,False
47,Exodus TCG,2022-11-11T15:08:20.927,Exodus TCG,Exodus TCG,"Become a Drifter and explore the world of Eeventide in this innovative game that uses rarity as a game mechanic! Shop thousands of sellers for the best prices on Exodus TCG cards, booster boxes, and more.",TCGplayer - Buy Exodus TCG cards and booster boxes,Sealed Products,Singles,https://store.tcgplayer.com/,True,47,False
48,Lightseekers TCG,2025-01-09T21:30:46.29,Lightseekers TCG,Lightseekers TCG,"Attack, defend, and unleash devastating combos in this epic TCG by PlayFusion! Shop thousands of sellers for the best prices on Lightseekers TCG cards, booster packs, starter decks, and more.","TCGplayer - Buy Lightseekers TCG cards, booster packs, starter decks, and more",Sealed Products,Singles,https://store.tcgplayer.com/,True,308,False
49,Protective Pages,2025-01-07T13:08:22.73,Protective Pages,Protective Pages,"Protect, organize, and display your favorite collectible trading cards. Shop thousands of sellers for the best prices on binder-ready protective pages by Ultra PRO, Ultimate Guard, GameGenic, and other brands.","TCGplayer - Buy binder-ready protective pages by Ultra PRO, Ultimate Guard, GameGenic, and other brands",Sealed Products,Non-Sealed Products,https://store.tcgplayer.com/,False,78,False
50,Storage Albums,2026-07-21T17:50:56.253,Storage Albums,Storage Albums,"Protect, organize, and display your favorite collectible trading cards. Shop thousands of sellers for the best prices on binder-ready protective pages by Ultra PRO, Ultimate Guard, GameGenic, and other brands.","TCGplayer - Buy binder-ready protective pages by Ultra PRO, Ultimate Guard, GameGenic, and other brands",Sealed Products,Non-Sealed Products,https://store.tcgplayer.com/,False,382,False
51,Collectible Storage,2026-07-20T18:16:56.327,Collectible Storage,Collectible Storage,"Boxes and toploaders make it easy to organize and protect your trading cards and other collectibles. Shop thousands of sellers for the best prices on collectible storage solutions by Ultra PRO, Ultimate Guard, BCW, and other brands.","TCGplayer - Buy collectible storage solutions by Ultra PRO, Ultimate Guard, BCW, and other brands",Sealed Products,Non-Sealed Products,https://store.tcgplayer.com/,False,63,False
52,Supply Bundles,2026-03-11T17:32:11.54,Supply Bundles,Supply Bundles,Find matching TCG accessories and save money at the same time! Shop thousands of sellers for the best prices on trading card game supply bundles.,TCGplayer - Buy trading card game supply bundles,Sealed Products,Non-Sealed Products,https://store.tcgplayer.com/,False,7,False
53,Munchkin CCG,2019-12-02T19:57:28.44,Munchkin CCG,Munchkin CCG,"Hire monsters to attack your friends in this diabolical game of bluffing, cheating, and fleeing for your life! Shop thousands of sellers for the best prices on Munchkin CCG cards, booster packs, and more.","TCGplayer - Buy Munchkin CCG cards, booster packs, and more",Sealed Products,Cards,https://store.tcgplayer.com/,True,11,False
54,Warhammer Age of Sigmar Champions TCG,2025-02-28T22:37:29.103,Warhammer Age of Sigmar Champions TCG,Warhammer Age of Sigmar Champions TCG,"Deploy Champions and unlock powerful Blessings in this epic card game set in the Warhammer universe! Shop thousands of sellers for the best prices on Warhammer Age of Sigmar: Champions cards, booster boxes, Campaign decks, and more.","TCGplayer - Buy Warhammer Age of Sigmar: Champions cards, booster boxes, Campaign decks, and more",Sealed Products,Singles,https://store.tcgplayer.com/,True,0,False
55,Architect TCG,2021-10-11T21:26:34.46,Architect TCG,Architect TCG,,,Sealed Products,Singles,https://store.tcgplayer.com/,True,0,False
56,Bulk Lots,2026-06-11T15:19:16.377,Bulk Lots,Bulk Lots,Each bulk lot is a unique collection of cards that are listed and sold as a single item. Check each product's description to learn more! Shop thousands of sellers for the best deals on bulk lots of trading cards.,Shop TCGplayer for the best deals on bulk lots of trading cards,Bulk Lot,,https://store.tcgplayer.com/,False,0,False
57,Transformers TCG,2026-04-14T15:11:18.78,Transformers TCG,Transformers TCG,"Autobots and Decepticons duke it out for the fate of Earth in this high-octane card game! Shop thousands of sellers for the best prices on Transformers TCG cards, booster boxes, and more.","TCGplayer - Buy Transformers TCG cards, booster boxes, and more",Sealed Products,Singles,https://store.tcgplayer.com/,True,0,False
58,Bakugan TCG,2023-06-20T19:20:30.28,Bakugan TCG,Bakugan TCG,"Join forces with powerful Bakugan and battle for the fate of two worlds! Browse and buy Bakugan TCG cards and singles, booster packs, and BakuCores so you can become the ultimate Bakugan Brawler.","TCGplayer - Buy Bakugan Cards, Singles, and Set",Sealed Products,Singles,https://store.tcgplayer.com/,True,0,False
59,KeyForge,2025-01-09T14:59:55.187,KeyForge,KeyForge,"Enter the Crucible, and step into the role of a mighty Archon! The world's first Unique Deck game pits players against one another in a race to unlock massive Vaults of untold treasures. Shop thousands of sellers for the best prices on Keyforge Archon decks.",TCGplayer - Buy Keyforge Archon decks,Sealed Products,,https://store.tcgplayer.com/,True,0,False
60,Chrono Clash System,2022-02-18T21:26:05.667,Chrono Clash System,Chrono Clash System,"The Chrono Clash System powers games like the Naruto Boruto Card Game, the Godzilla Card Game, and the Evangelion Card Game. Shop thousands of sellers for the best prices on Chrono Clash System cards.",TCGplayer - Buy Chrono Clash System card,Sealed Products,,https://store.tcgplayer.com/,True,0,False
61,Argent Saga TCG,2025-03-04T17:27:20.437,Argent Saga TCG,Argent Saga TCG,"Lead armies, cast powerful spells, and storm your opponent's Towers of Power to claim the Argent Tower! Shop thousands of sellers for the best prices on Argent Saga TCG cards, starter decks, booster packs, and more.","TCGplayer - Buy Argent Saga TCG cards, starter decks, and booster pack",Sealed Products,Cards,https://store.tcgplayer.com/,True,0,False
62,Flesh & Blood TCG,2026-07-24T15:36:54.753,Flesh and Blood TCG,Flesh and Blood TCG,"Fight your own battles in Flesh and Blood, the ""new classic"" TCG of one-on-one combat by Legend Story Studios! Buy Flesh and Blood cards and singles, Blitz Decks, booster boxes, and more from the latest sets.","TCGplayer - Buy Flesh and Blood TCG Cards, Singles, and Set",Sealed Products,Cards,https://store.tcgplayer.com/,True,0,False
63,Digimon Card Game,2026-07-24T15:06:54.93,Digimon Card Game,Digimon Card Game,"Prove you're the greatest tamer by raising your Digimon to be champions of the Digital World! Browse and buy the latest sets of Digimon trading cards, singles, booster boxes, starter decks, and more.","TCGplayer - Buy Digimon Cards, Singles, and Sets",Sealed Products,Cards,https://store.tcgplayer.com/,True,0,False
64,Alternate Souls,2025-05-05T20:29:51.33,Alternate Souls,Alternate Souls,"Summon armies and battle to become the Ultimate Soul in this arena card game by Force of Will creator Eiji Shishido. Shop thousands of sellers for the best prices on Alternate Souls cards, decks, booster boxes, and more.","TCGplayer - Buy Alternate Souls cards, decks, and booster pack",Sealed Products,Cards,https://store.tcgplayer.com/,False,0,False
65,Gate Ruler,2026-05-08T13:37:20.607,Gate Ruler,Gate Ruler,"Become a gate ruler and change the rules of the game! Shop thousands of sellers for the best price on Gate Ruler cards, booster packs, starter decks, and more.","TCGplayer - BuyGate Ruler cards, booster packs, starter decks, and more",Sealed Products,Cards,https://store.tcgplayer.com/,False,0,False
66,MetaZoo,2026-06-16T23:43:13.083,MetaZoo,MetaZoo,"Cryptids collide in this innovative card game where you use the real-world environment to your advantage! Shop thousands of sellers for the best prices on MetaZoo cards, booster boxes, spell books, and more.","TCGplayer - Buy MetaZoo cards, booster boxes, spell books, and more",Sealed Products,Cards,https://store.tcgplayer.com/,True,0,False
67,WIXOSS,2026-06-21T12:27:00.423,WIXOSS,WIXOSS,"Play SIGNI, level up your LRIG, and crush your opponent's Life Cloth in this card game designed by Magic: The Gathering Hall of Famer Shouta Yasooka! Shop thousands of sellers for the best prices on WIXOSS cards, decks, booster packs, and more.","TCGplayer - Buy WIXOSS cards, decks, booster packs, and more",Sealed Products,Singles,https://store.tcgplayer.com/,True,0,False
68,One Piece Card Game,2026-07-24T21:25:08.357,One Piece Card Game,One Piece Card Game,"Choose your Leader, build your crew, and set sail for adventure! Browse One Piece Card Game singles, booster boxes, starter decks, and the latest sets from thousands of trusted sellers. Whether you're charting your path to victory or growing your collection, start your adventure on TCGplayer.","TCGplayer - Buy One Piece Card Game cards, starter decks, booster packs, and more",Sealed Products,Cards,https://store.tcgplayer.com/,True,0,False
69,Marvel Comics,2025-02-25T20:24:39.097,Marvel Comics,Marvel Comics & Graphic Novels,"From Spider-Man to Iron Man and Captain Marvel, Marvel Comics has given us many of the most popular super heroes of all time. Shop thousands of sellers for the best prices on Marvel comic books.",TCGplayer - Buy comics by Marvel,,,https://store.tcgplayer.com/,False,0,False
70,DC Comics,2023-06-29T15:35:04.19,DC Comics,DC Comics & Graphic Novels,"From Batman to Superman and Wonder Woman, DC Comics has given us many of the most iconic super heroes of all time. Shop thousands of sellers for the best prices on DC comic books.",TCGplayer - Buy comics by DC,,,https://store.tcgplayer.com/,False,0,False
71,Lorcana TCG,2026-07-24T16:13:41.053,Disney Lorcana,Disney Lorcana Trading Card Game,"Wield magic inks and assemble your team of glimmers in Disney Lorcana TCG! Browse singles, booster boxes, starter decks, and the latest sets from thousands of trusted sellers. Whether you're discovering new Disney favorites or building your next deck, you'll find everything you need on TCGplayer.",TCGplayer - Shop TCGplayer for the best prices on Disney Lorcana TCG cards,Sealed Products,Singles,https://store.tcgplayer.com/,True,0,False
72,Battle Spirits Saga,2025-04-21T17:07:23.56,Battle Spirits Saga,BANDAI Battle Spirits Saga Card Game 2023,BANDAI Battle Spirits Saga Card Game 2023,Battle Spirits Saga,,,https://store.tcgplayer.com/,True,0,False
73,Shadowverse Evolve,2026-07-22T15:10:03.14,Shadowverse: Evolve,Shadowverse: Evolve Trading Card Game 2023,Shadowverse: Evolve Trading Card Game 2023,Shadowverse: Evolve,,,https://store.tcgplayer.com/,True,0,False
74,Grand Archive,2026-07-09T18:40:41.53,Grand Archive TCG,Grand Archive Trading Card Game,Grand Archive Trading Card Game,Grand Archive,Sealed Products,Cards,https://store.tcgplayer.com/,True,0,False
75,Akora,2025-03-03T16:34:28.783,Akora TCG,Akora Trading Card Game,Akora Trading Card Game,Akora Trading Card Game,Sealed Products,Cards,https://store.tcgplayer.com/,True,0,False
76,Kryptik TCG,2026-06-09T19:41:09.337,Kryptik TCG,Kryptik Trading Card Game,Kryptik Trading Card Game,Kryptik Trading Card Game,Sealed Product,Cards,https://store.tcgplayer.com/,True,0,False
77,Sorcery Contested Realm,2026-07-24T19:41:33.013,Sorcery: Contested Realm,Sorcery: Contested Realm Trading Card Game,Sorcery: Contested Realm Trading Card Game,Sorcery: Contested Realm,Sealed Products,Cards,https://store.tcgplayer.com/,False,0,False
78,Alpha Clash,2026-06-16T14:51:31.107,Alpha Clash,Alpha Clash Trading Card Game,Alpha Clash Trading Card Game,Alpha Clash,Sealed Products,Cards,https://store.tcgplayer.com/,True,0,False
79,Star Wars Unlimited,2026-07-25T16:41:48.73,Star Wars: Unlimited,Star Wars: Unlimited Trading Card Game,"Wage epic, intergalactic battles with Star Wars: Unlimited! Browse and buy singles, booster boxes, and starter decks from the latest sets!",Star Wars: Unlimited,Sealed Products,Cards,https://store.tcgplayer.com/,False,0,False
80,Dragon Ball Super Fusion World,2026-07-24T19:18:51.053,Dragon Ball Super: Fusion World,Dragon Ball Super Card Game: Fusion World,Dragon Ball Super Card Game: Fusion World,Dragon Ball Super: Fusion World,Sealed Products,Cards,https://store.tcgplayer.com/,False,0,False
81,Union Arena,2026-07-24T15:54:28.923,Union Arena,Union Arena Trading Card Game,Union Arena Trading Card Game,Union Arena Trading Card Game,Sealed Products,Cards,https://store.tcgplayer.com/,False,0,False
82,TCGplayer Supplies,2024-11-26T13:37:43.913,TCGplayer Supplies,TCGplayer Supplies,TCGplayer Supplies,TCGplayer Supplies,Sealed Products,,https://store.tcgplayer.com/,False,0,False
83,Elestrals,2026-07-13T18:23:42.493,Elestrals,Elestrals,Elestrals,Elestrals,Sealed Products,Cards,https://store.tcgplayer.com/,False,0,False
84,Neopets Battledome,2024-08-13T15:54:58.763,Neopets Battledome,Neopets Battledome,Neopets Battledome,,Sealed Products,Cards,https://store.tcgplayer.com/,False,0,False
85,Pokemon Japan,2026-07-24T12:38:53.47,Pokemon Japan,Pokémon Trading Card Game - Japan,"Collect all your favorite Pokémon in their original Japanese printings! Browse and buy Japanese Pokémon booster boxes from Scarlet & Violet, Sword & Shield, Sun & Moon, and singles from the original 1996-2002 era! Catch ‘em all at the best prices from thousands of sellers.",Pokémon Japan,Sealed Products,Cards,https://store.tcgplayer.com/,False,0,False
86,Gundam Card Game,2026-07-26T00:54:12.807,Gundam Card Game,Gundam Card Game,Gundam Card Game,Gundam Card Game,Sealed Products,Cards,https://store.tcgplayer.com/,False,0,False
87,hololive OFFICIAL CARD GAME,2026-07-24T18:43:53.707,hololive OFFICIAL CARD GAME,hololive OFFICIAL CARD GAME,hololive OFFICIAL CARD GAME,hololive OFFICIAL CARD GAME,Sealed Products,Cards,https://store.tcgplayer.com/,False,0,False
88,Godzilla Card Game,2026-06-30T18:01:32.037,Godzilla Card Game,Godzilla Card Game,Godzilla Card Game,Godzilla Card Game,Sealed Products,Cards,https://store.tcgplayer.com/,False,0,False
89,Riftbound League of Legends Trading Card Game,2026-07-24T18:33:41.827,Riftbound: League of Legends Trading Card Game,Riftbound: League of Legends Trading Card Game,Riftbound: League of Legends Trading Card Game,Riftbound: League of Legends Trading Card Game,Sealed Products,Cards,https://store.tcgplayer.com/,False,0,False
90,CookieRun Braverse TCG,2026-07-21T13:15:42.517,CookieRun: Braverse TCG,CookieRun: Braverse TCG,"Join GingerBrave and friends in CookieRun: Braverse TCG! Explore CookieRun: Braverse TCG singles, booster boxes, starter decks, and the latest sets from thousands of trusted sellers. Whether you're discovering your favorite Cookies or growing your collection, start your adventure on TCGplayer.",CookieRun: Braverse TCG,Sealed Products,Cards,https://store.tcgplayer.com/,False,0,False
